{"type":"Topology","arcs":[[[12070,4316],[-16,-92],[-80,7],[-245,-128],[-87,-76],[-77,-144],[-121,-59],[-152,-203],[34,-99],[127,-60],[95,-113],[129,-264],[44,-211],[59,-122],[-114,-233],[-260,-170],[-441,-132],[-6,-35],[71,-66],[12,-71],[-38,-55],[-100,-40],[-226,-4],[-214,43],[-279,167],[-360,-37],[-176,-51],[-16,-66],[159,-287],[104,0],[213,-126],[379,-82],[634,16],[636,70],[219,93],[394,71],[184,103],[350,120],[236,-35],[38,-49],[-51,-79],[178,-14],[42,-61],[79,-19],[32,-34],[-25,-40],[-279,-113],[-431,-26],[-427,101],[-302,-62],[-288,-94],[-878,-45],[-112,-57],[69,-68],[263,-50],[719,-15],[214,-75],[270,90],[372,79],[800,53],[925,219],[324,-11],[50,60],[-27,90],[-421,67],[-85,89],[124,110],[306,94],[339,150],[328,94],[328,220],[528,201],[374,93],[74,75],[5,86],[144,74],[63,-9],[132,-76],[110,126],[77,-1],[79,-72],[109,3],[51,21],[70,93],[135,-119],[126,-28],[113,47],[266,120],[495,39],[303,-46],[441,50],[842,-35],[810,132],[44,34],[33,86],[38,23],[301,-150],[161,-32],[89,53],[84,116],[183,92],[437,139],[176,-6],[33,29],[19,70],[110,-15],[114,114],[93,39],[158,20],[187,-32],[102,-62],[64,-89],[198,-60],[978,-84],[45,-77],[1,-61],[-83,-120],[-42,-119],[123,-116],[141,-54],[139,94],[88,107],[371,119],[229,183],[630,191],[63,46],[65,-19],[483,52],[528,1],[92,35],[103,82],[126,-52],[275,24],[514,-135],[125,41],[138,88],[137,27],[180,-85],[151,-23],[182,-73],[358,-6],[410,96],[266,-94],[86,45],[66,100],[360,-11],[111,94],[80,-80],[108,-54],[715,-109],[191,15],[27,-32],[-6,-80],[170,-46],[85,-68],[169,-8],[125,-41],[193,25],[133,-80],[305,-62],[294,-151],[224,-56],[361,-35],[291,-123],[27,-53],[-21,-70],[-119,-163],[-219,-61],[-216,-148],[-156,-51],[23,-92],[-52,-90],[11,-153],[149,-199],[71,-15],[13,-26],[-432,-153],[-45,-107],[36,-180],[163,-142],[-19,-65],[16,-22],[254,-5],[257,-85],[99,-71],[241,-14],[869,-140],[0,-898],[-35440,0],[0,897],[253,18],[760,-56],[878,-129],[856,-19],[567,69],[-605,183],[-195,338],[14,56],[129,63],[579,54],[32,42],[-142,55],[-293,26],[-546,205],[-60,67],[-37,92],[1,58],[57,48],[265,17],[193,-40],[145,12],[155,-51],[42,25],[20,70],[29,22],[186,-55],[43,63],[-93,28],[-52,68],[150,9],[116,84],[332,22],[372,81],[195,84],[303,-36],[414,18],[124,44],[196,-42],[721,57],[234,-15],[168,67],[155,-104],[147,57],[180,-59],[173,-9],[103,-62],[194,57],[263,-57],[47,32],[-6,206],[122,86],[105,21],[268,-37],[190,28],[180,-16],[108,52],[76,-37],[170,50],[118,-58],[183,-12],[378,-101],[188,96],[353,-80],[57,20],[30,67],[37,28],[158,-87],[506,102],[99,62],[24,53],[-107,408],[89,96],[18,84],[-60,160],[-80,34],[13,59],[54,37],[134,-1],[291,289],[431,232],[135,47],[40,-26]],[[10817,3446],[26,-66],[18,1],[67,-146],[63,-84],[27,-158],[-21,-70],[-136,-99],[-215,-2],[-49,30],[0,16],[31,24],[115,-4],[2,35],[-94,71],[-45,6],[-21,-37],[-33,13],[-32,-5],[4,-31],[-40,-32],[-20,15],[-47,0],[-108,52],[-19,34],[7,10],[58,-19],[-6,55],[78,-20],[41,37],[73,-23],[-11,46],[22,9],[189,11],[3,16],[-58,47],[10,31],[39,15],[1,17],[-83,55],[7,72],[-13,55],[127,38],[43,-15]],[[10240,1941],[-158,-22],[-194,19],[-94,49],[-4,8],[3,9],[103,70],[94,24],[157,-6],[32,-45],[-1,-34],[64,-56],[-2,-16]],[[2040,1660],[-128,-22],[-70,5],[-134,26],[-132,50],[-30,41],[112,65],[156,-12],[227,-136],[-1,-17]],[[8007,2991],[42,-57],[51,29],[30,-48],[50,54],[61,2],[17,-21],[-37,-25],[1,-16],[40,-13],[42,33],[-4,-58],[-31,0],[-16,-24],[-193,-12],[-90,36],[-57,0],[-7,-32],[-39,3],[-26,37],[-100,11],[-81,23],[-4,8],[5,12],[80,18],[94,15],[22,-25],[103,-1],[6,33],[41,18]],[[5897,2560],[-138,-9],[-100,22],[14,55],[-18,24],[5,10],[66,10],[288,-25],[2,-17],[-119,-70]],[[5570,2601],[-38,-9],[-57,1],[-135,52],[-104,77],[23,24],[105,6],[56,-35],[40,-62],[105,-10],[5,-44]],[[11124,1838],[-212,-81],[-79,9],[-5,9],[3,8],[86,53],[207,50],[113,3],[4,-19],[-117,-32]],[[34394,2014],[-42,-14],[-60,-3],[-62,7],[-68,-22],[-7,15],[-43,13],[16,60],[268,-37],[-2,-19]],[[7775,2739],[-160,-29],[-50,26],[-25,45],[98,19],[103,-39],[34,-4],[0,-18]],[[29795,3821],[-86,-8],[2,40],[-39,29],[-1,65],[15,17],[68,-82],[38,-33],[3,-28]],[[10397,3293],[-24,-29],[-44,9],[-51,-6],[-28,7],[-9,37],[14,14],[61,2],[4,10],[55,-7],[1,-19],[21,-18]],[[10095,2778],[-105,-41],[-29,9],[-17,21],[18,14],[28,-4],[52,46],[63,-10],[-10,-35]],[[12308,4362],[-19,-13],[-47,4],[-12,-34],[-33,5],[-26,61],[6,9],[85,-7],[36,-11],[10,-14]],[[10429,3184],[29,-21],[-5,-17],[-52,-20],[-90,-8],[-9,16],[27,16],[10,20],[31,-18],[12,17],[26,-5],[21,20]],[[11489,4126],[-69,-6],[-17,23],[56,48],[29,12],[18,-27],[-17,-50]],[[6255,2580],[-61,-8],[-18,18],[4,8],[117,40],[7,-19],[-49,-39]],[[4841,2518],[-27,-3],[-78,15],[-5,15],[37,20],[20,-12],[60,-5],[-7,-30]],[[27703,3992],[-72,-29],[-21,19],[45,39],[34,-6],[14,-23]],[[11751,3922],[2,-15],[-30,-37],[-21,-6],[-18,60],[31,-11],[11,17],[25,-8]],[[11627,3320],[-13,-11],[-22,45],[-20,25],[1,15],[25,3],[34,-43],[-5,-34]],[[27921,4017],[-12,-28],[-30,18],[2,21],[-30,26],[18,19],[25,-20],[27,-36]],[[12029,4574],[-33,-29],[-17,16],[-8,-23],[-19,-7],[-7,30],[34,21],[37,5],[13,-13]],[[11261,4003],[-15,-71],[-40,12],[26,50],[29,9]],[[11590,4174],[-31,-2],[14,63],[17,5],[17,-35],[-17,-31]],[[27269,3881],[-55,0],[14,31],[49,-5],[-8,-26]],[[11675,3885],[-27,-41],[-16,25],[32,49],[11,-33]],[[10086,2704],[-43,-5],[-14,24],[51,14],[6,-33]],[[34243,1924],[-20,-26],[-32,21],[24,30],[28,-25]],[[10598,3377],[8,-40],[-39,5],[-3,28],[34,7]],[[8429,2835],[-47,-7],[-12,9],[8,14],[48,6],[3,-22]],[[34027,2488],[-14,-7],[-19,36],[8,14],[30,-11],[-5,-32]],[[26868,3968],[-9,-28],[-47,24],[7,14],[49,-10]],[[11785,4405],[-25,-13],[-21,22],[38,25],[8,-34]],[[34129,1918],[-4,-22],[-53,2],[9,24],[48,-4]],[[34190,1828],[-35,-3],[-7,30],[34,10],[8,-37]],[[8827,3439],[-30,-5],[-11,33],[37,7],[4,-35]],[[11759,4467],[-15,-14],[-17,34],[9,26],[17,-8],[6,-38]],[[12319,4733],[-21,-40],[-22,18],[5,27],[38,-5]],[[2948,2144],[-38,-3],[-17,14],[6,10],[48,2],[1,-23]],[[33812,3773],[-22,-19],[-16,32],[23,28],[15,-41]],[[2152,1933],[-18,-40],[-22,28],[26,32],[14,-20]],[[33736,3845],[-3,-21],[-22,9],[-16,33],[10,16],[31,-37]],[[11777,3110],[-22,-35],[-27,27],[23,21],[26,-13]],[[24823,3223],[-20,-25],[-23,52],[24,2],[19,-29]],[[7456,2726],[-1,-20],[-54,28],[-4,11],[5,10],[54,-29]],[[11815,4456],[-24,-8],[-9,52],[34,-14],[-1,-30]],[[34460,2664],[-21,-8],[-14,23],[26,39],[9,-54]],[[4701,2548],[-16,-29],[-41,19],[9,16],[48,-6]],[[8569,2829],[-17,-19],[-21,33],[28,25],[10,-39]],[[11769,3153],[-20,-16],[-29,25],[25,24],[24,-33]],[[11179,3895],[-23,-32],[-17,18],[3,22],[25,9],[12,-17]],[[11723,3270],[-19,-6],[-30,12],[8,13],[17,8],[33,-12],[-9,-15]],[[33972,3656],[-30,-7],[-12,24],[16,30],[26,-47]],[[13265,4790],[-16,-12],[-10,26],[7,21],[19,-17],[0,-18]],[[13240,4800],[-16,-8],[-3,16],[10,11],[9,-19]],[[18035,5818],[32,8],[15,5],[1,-32],[-16,-2],[-18,-2],[-14,23]],[[20220,11816],[91,-279],[141,-175],[16,-91],[33,-66],[79,-43],[43,-67]],[[20623,11095],[-107,-75],[-120,-162],[-25,-104],[-78,-72],[-42,-141],[-25,-27],[-84,-4],[-102,76],[-40,-3],[-47,-142],[-88,-105],[-37,-6],[-58,8],[12,122],[-12,73],[-28,87],[-41,57]],[[19701,10677],[2,435],[90,20],[7,61],[0,32],[0,91],[0,47],[0,69],[0,299],[45,2],[26,8],[144,41],[48,-68],[63,66],[94,37]],[[20220,11817],[0,-1]],[[20862,23273],[-86,-14],[-33,-57],[-5,-57],[-41,27],[-74,-11],[-30,31],[-29,-32],[-51,35],[-48,-19],[-64,39],[-173,31],[-87,-12],[-83,-59]],[[20058,23175],[-7,30],[9,59],[-46,38],[68,69],[5,32],[-10,58],[-22,72],[-8,43]],[[20047,23576],[95,-4],[36,35],[82,8],[9,63],[1,35],[18,26],[23,8],[12,21],[33,5],[9,17],[-11,68]],[[20354,23858],[99,32],[52,48]],[[20505,23938],[254,-88],[23,-157],[90,-134],[39,-15],[30,-45],[-6,-29],[-111,-45],[38,-152]],[[8973,17339],[-27,11],[-1,53],[5,249]],[[8950,17652],[81,111]],[[9031,17763],[18,-48],[-13,-225],[-63,-151]],[[9094,17578],[-17,-39],[-19,23],[19,42],[17,-26]],[[22145,21228],[79,-111],[52,-18]],[[22276,21099],[40,6]],[[22316,21105],[142,128],[31,-44],[-18,-88],[47,-64],[29,-4]],[[22547,21033],[9,-97],[40,-56],[69,-19],[91,-101],[86,-30],[197,55],[2,68]],[[23041,20853],[33,-3],[52,30],[56,86],[136,38],[52,-8],[27,-44],[75,-41],[108,-31],[15,-53],[79,-83],[75,-16],[18,-160]],[[23767,20568],[-41,-207],[-33,-45],[27,-107],[-17,-56],[23,-157],[3,-94],[74,-29],[16,-51],[-11,-52],[-80,-144]],[[23728,19626],[92,-196],[92,-71],[8,-151],[34,-21],[2,-55],[-10,-28],[-61,-17],[-58,-59],[-27,-166]],[[23800,18862],[-402,94],[-57,193],[-46,32],[-38,-14],[-12,-47],[-114,-33],[-113,30],[-133,153],[-89,47],[-133,349],[-49,0],[-52,39],[-55,-59]],[[22507,19646],[-72,184],[3,110],[-33,88],[-119,111],[-66,148],[-4,90],[55,117],[-3,84],[-91,132],[-33,116]],[[22144,20826],[-15,41],[-18,63],[-18,20],[13,59],[-36,175],[32,15],[13,43],[30,-14]],[[19082,22357],[-3,-13],[-17,-15],[-1,-49],[10,-38],[-1,-2],[19,-10],[12,-18],[-7,-8],[-11,1]],[[19083,22205],[-14,32],[-13,-14],[-10,5],[-25,-14],[-85,-53],[10,-27],[7,-60],[-13,-27],[11,-66],[7,-10],[29,-32],[42,-36],[46,-45],[10,-30],[0,-1],[1,-1],[0,-2],[1,-2],[0,-1],[1,-2],[0,0],[2,-6],[1,-5],[1,-1],[0,-3],[1,-3],[2,-4],[0,-1],[0,-3],[0,-2],[7,-28],[10,-34],[13,-26],[10,-14],[52,-61],[35,-24],[90,-3],[-1,-28],[-1,-51],[51,-32],[83,-55],[50,-35],[20,-27],[33,-54],[-10,-50],[-23,9],[-33,59],[-88,17],[-22,-46],[-11,-65],[48,-39],[9,-71],[-22,-20],[-14,-8],[-17,-28],[1,-39],[-74,-89],[-18,35],[26,60],[29,50],[-12,39],[-33,143],[-11,20],[-54,22],[-31,64],[-29,12],[-45,42],[-26,53],[-98,32],[-45,52],[-57,69],[-28,36],[-73,93],[-40,105],[-4,38],[-12,26],[-12,11],[-50,29],[-86,26],[-49,-72],[-60,-25]],[[18473,21909],[18,45],[-81,49],[6,48],[11,10],[-43,65],[50,26],[-3,33],[-30,51],[24,23]],[[18425,22259],[81,-1],[1,2],[50,86],[33,-58],[19,-44],[24,56],[9,10],[10,39],[69,-22],[12,40],[28,-8],[1,53]],[[18762,22412],[51,-8],[18,26],[45,8],[23,-2],[28,13],[10,-2],[-3,-28],[26,-36],[21,-4],[4,-3],[76,-11],[21,-8]],[[18949,21597],[3,-2],[12,1],[-3,13],[-5,-3],[-7,-9]],[[18958,21927],[1,0],[0,0],[2,0],[1,2],[-2,11],[-2,-13],[0,0]],[[19034,20992],[94,-28],[115,24],[-9,-59],[-16,-74],[15,-46],[-24,-61],[-42,11],[-24,38],[-29,17],[-112,77],[-25,11],[-10,47],[42,18],[25,25]],[[18669,21154],[-89,-36],[-25,18],[3,62],[11,43],[-4,80],[-6,34],[-17,64],[56,22],[57,44],[37,-89],[-12,-75],[2,-106],[-13,-61]],[[18932,20768],[-19,-35],[-23,44],[9,14],[33,-23]],[[17498,22811],[35,-2],[6,-23],[-32,2],[-9,23]],[[10019,17730],[21,31],[57,1],[58,-16],[52,-56],[-2,-16],[-108,-16],[-78,72]],[[21593,20003],[-208,-107],[82,-157],[-46,-86],[-67,-29],[-69,-102],[-110,22]],[[21175,19544],[0,1],[1,0],[-1,1],[0,1],[0,1],[1,1],[-1,2],[1,1],[0,1],[0,2],[0,1],[0,3],[1,3],[-1,1],[1,0],[1,5],[0,1],[1,1],[0,2],[0,0],[-1,1],[-1,2]],[[21177,19575],[49,319]],[[21226,19894],[8,147]],[[21234,20041],[11,50]],[[21245,20091],[117,-54],[190,166]],[[21552,20203],[41,-200]],[[31658,21504],[8,-104],[49,-119],[-5,-100],[-44,-142],[-50,-63],[7,-137],[-41,-148],[15,-97],[-42,-92],[-45,-33],[-3,49],[20,42],[-18,4],[-66,-63],[-28,-70],[-9,3],[-9,56],[-57,-80],[-68,6],[-72,51],[-8,-67],[20,-10],[-3,-22],[-44,-35],[-63,-109],[-60,65],[2,66],[29,45],[-14,17],[-33,-17],[-22,24],[-51,-8],[0,-53],[26,-20],[33,29],[8,-16],[-24,-25],[-1,-51],[-42,-72],[-6,-24],[-43,43],[-36,-19],[-51,-101],[-44,38],[8,39],[-9,36],[39,82],[-3,23],[-30,24],[-23,-47],[6,-26],[-15,-9],[-24,35],[-89,-3],[18,-54],[51,2],[2,-63],[25,-70],[-42,-124],[-13,-94],[-52,-59],[-19,57],[-11,-36],[-27,1],[-12,142],[-18,18],[7,35],[13,13],[8,-28],[22,2],[-3,22],[16,10],[-20,72],[-23,18],[0,-58],[-40,-10],[-25,99],[32,40],[29,4],[32,46],[38,15],[8,69],[58,28],[28,22],[108,138],[130,2],[92,29],[29,-38],[52,27],[6,64],[64,121],[3,78],[10,18],[40,14],[1,-20],[-29,-37],[32,-49],[107,74],[100,144],[40,120],[26,131],[-32,47],[25,40],[-4,70],[30,36],[14,58],[33,-45],[45,11],[3,36],[-37,-1],[14,48],[41,-30]],[[31891,21731],[-53,-97],[-21,0],[-116,72],[-71,-20],[-45,12],[-20,-44],[48,-67],[-73,-52],[-31,131],[60,148],[85,30],[36,177],[-1,115],[22,33],[170,-183],[149,-43],[6,-131],[-145,-81]],[[30472,20378],[3,-61],[-27,7],[12,81],[34,28],[-5,-45],[-17,-10]],[[30880,20678],[-11,-31],[-16,6],[-13,-30],[-19,24],[39,56],[20,-25]],[[31384,20970],[-30,-41],[-9,35],[26,41],[13,-35]],[[30672,18949],[-30,-3],[6,42],[22,9],[2,-48]],[[31750,19263],[-5,-52],[-29,31],[16,31],[18,-10]],[[30342,19072],[-13,-31],[-15,16],[14,50],[13,0],[1,-35]],[[30650,19732],[-17,-11],[-15,41],[27,21],[5,-51]],[[29959,18728],[-20,-37],[-27,42],[6,10],[41,-15]],[[31665,22129],[-21,-20],[-22,30],[15,26],[28,-36]],[[29876,18748],[-14,-24],[-45,10],[14,22],[45,-8]],[[30489,19389],[-7,-59],[-15,6],[-10,41],[32,12]],[[30443,20105],[-34,-34],[-12,14],[42,51],[4,-31]],[[30600,19686],[-20,-4],[-10,29],[12,19],[26,-16],[-8,-28]],[[21272,15490],[100,-38],[112,-121],[86,-22],[59,1],[36,60],[76,57],[52,-45],[67,4]],[[21860,15386],[-88,-215],[3,-582],[50,-127]],[[21825,14462],[-10,-18],[-60,-83],[-61,-85],[-62,-242],[-39,-66]],[[21593,13968],[-143,170],[-23,109],[-124,114],[-56,50],[-24,22],[-12,11],[-137,125]],[[21074,14569],[1,20],[7,185],[52,140],[43,113],[-11,122],[-32,98],[-13,82],[-41,95]],[[21080,15424],[38,66]],[[21118,15490],[111,0]],[[21229,15490],[43,0]],[[25636,21652],[-17,-18],[-39,-43],[-39,-18],[-35,-17],[-79,-90],[-121,-15],[-54,-99],[-59,-10],[-21,45],[-151,-90],[-12,-80],[-22,-16]],[[24987,21201],[-17,0],[-122,-39],[-78,56],[-59,-23],[-37,27],[-95,-5],[-18,36],[18,44],[11,10],[37,17],[51,-27],[13,0],[31,29]],[[24722,21326],[81,0],[99,88],[-94,97],[-61,-29],[-58,34],[-18,20],[2,37],[59,61],[11,10],[-24,15]],[[24719,21659],[10,22],[51,62],[173,-39],[43,77],[47,22],[123,-45],[159,12],[172,-34],[97,-55],[42,-29]],[[28019,16442],[-80,28],[-5,66],[-44,-1],[-21,107]],[[27869,16642],[-1,19],[-18,65],[5,45],[-25,41],[-1,53],[-11,26],[1,59],[74,128],[201,6]],[[28094,17084],[81,-66],[5,68],[61,12],[28,-10],[57,52]],[[28326,17140],[-15,-84],[17,-111],[-9,-177],[-147,-134],[11,-113],[-83,2],[-81,-81]],[[31854,12667],[43,-277],[72,0],[68,-107],[27,-253],[46,-114],[43,-284],[259,-226],[3,-24],[-27,-30],[45,-93],[45,-187],[29,35],[70,-66],[21,-158],[166,-263],[27,-17],[40,28],[-19,-222],[8,-137],[29,-74],[9,-176],[-68,-466],[-42,-142],[-93,-128],[-126,-426],[-34,-273],[-49,-42],[-157,-35],[-137,-134],[-11,-43],[-124,106],[-14,73],[-26,-53],[-117,-81],[-102,64],[-90,5],[-105,78],[-57,103],[-8,123],[-42,100],[-51,49],[-53,5],[19,121],[-33,87],[-60,-136],[-56,-2],[10,30],[36,27],[10,113],[35,97],[4,109],[-39,-41],[-147,-224],[-10,-56],[-23,-3],[-21,21],[-65,209],[-49,60],[-14,72],[-54,58],[-139,44],[-99,74],[-190,-21],[-200,-96],[-137,-16],[-152,-110],[-48,-106],[-54,-47],[-321,-1],[-64,-80],[-149,-103],[-120,8],[-59,35],[-101,131],[3,47],[57,87],[6,222],[-64,241],[-17,191],[-64,176],[-47,217],[15,95],[21,-21],[8,54],[-72,268],[44,371],[10,33],[28,-79],[28,81],[62,61],[26,3],[40,53],[75,111],[86,-26],[159,107],[59,5],[133,75],[115,229],[-5,124],[18,61],[51,63],[52,-91],[24,10],[8,36],[-32,62],[0,68],[96,-23],[11,153],[46,26],[27,116],[44,-4],[29,36],[5,57],[47,-32],[29,43],[53,-22],[70,-105],[14,-66],[37,31],[94,-11],[-6,106],[66,144],[26,115],[68,75],[95,-10],[49,39],[-3,66],[-47,26],[-8,35],[311,-159],[69,6],[66,44],[31,-78],[-30,-111],[-58,-68],[24,-54],[-60,-118],[-8,-52],[82,-111],[52,-2],[5,-20],[-21,-11],[8,-21],[76,-48],[242,-240],[79,34],[54,184],[25,172],[-7,222],[27,187],[-5,82],[38,183],[32,54],[29,-52],[16,-113],[46,-131]],[[32065,8035],[65,-46],[64,4],[13,19],[118,34],[12,-48],[-2,-133],[-36,-138],[9,-30],[-9,-37],[-36,19],[-9,-31],[-54,-56],[-78,7],[-59,97],[-21,65],[4,64],[-43,86],[-20,82],[11,74],[71,-32]],[[30582,12894],[23,-26],[42,20],[30,0],[5,-57],[-52,-54],[-25,22],[-48,7],[-5,9],[10,58],[20,21]],[[31298,8864],[-20,-34],[-87,7],[-3,32],[69,33],[29,-1],[12,-37]],[[32349,8105],[-24,-14],[-25,64],[0,63],[34,-37],[15,-76]],[[31207,12467],[0,-71],[-34,6],[-8,87],[31,1],[11,-23]],[[31752,12974],[-17,-19],[-10,51],[-15,8],[4,35],[34,36],[13,-17],[-23,-33],[14,-61]],[[31928,8178],[-19,-22],[-8,35],[11,55],[15,-17],[1,-51]],[[28931,10458],[-12,-1],[-16,68],[8,15],[26,-49],[-6,-33]],[[31470,12000],[-23,-8],[-8,15],[15,28],[23,11],[11,-13],[-18,-33]],[[33423,9547],[-16,-9],[-28,55],[15,11],[29,-57]],[[31878,13146],[-23,-33],[-24,18],[23,31],[24,-16]],[[32439,12120],[-17,-46],[-17,5],[19,67],[15,-26]],[[29917,12664],[-8,-19],[-14,14],[-7,40],[16,16],[13,-51]],[[33095,11898],[0,-42],[-21,6],[-9,29],[14,20],[16,-13]],[[29780,11959],[-24,-9],[-20,21],[8,15],[34,1],[2,-28]],[[31349,8855],[-17,-17],[-30,27],[24,24],[23,-34]],[[32436,11933],[-22,-11],[-8,28],[5,22],[25,-4],[0,-35]],[[28919,10406],[-27,0],[-11,40],[14,18],[24,-58]],[[10817,16795],[2,31],[39,-54],[1,-26],[-42,49]],[[22145,21228],[-4,14]],[[22141,21242],[83,-25],[36,-48],[16,-70]],[[22516,21588],[8,-15],[88,-165],[59,-54],[-64,-56],[-28,-136],[-26,-45],[-6,-84]],[[22316,21105],[-9,96],[-55,65],[2,41],[0,20],[-30,27],[-18,38],[6,48],[-47,61]],[[22165,21501],[150,-18],[5,26],[-30,64],[14,28]],[[22304,21601],[30,-28],[92,-85],[90,100]],[[19605,22084],[32,6],[-20,-77],[35,-53],[-2,-75],[-25,-18]],[[19625,21867],[-51,-61],[-27,-99]],[[19547,21707],[-28,22],[-69,80],[-89,131],[-11,11],[-26,27],[-4,41],[-39,78],[10,48],[41,-26],[88,16],[29,-1],[39,-16],[18,11],[50,-7],[21,-11],[9,-24],[19,-3]],[[11850,16901],[10,16],[26,-29],[-14,-26],[-17,7],[-5,32]],[[26853,18334],[2,-84],[-31,-13],[-10,-38]],[[26814,18199],[-43,188],[-29,59],[-78,-99],[-122,-50],[-38,29]],[[26504,18326],[-13,192],[-29,98],[5,88],[-53,71],[66,106],[-60,93],[38,82],[52,-27],[59,-30],[28,-109],[221,-59],[-14,-81],[-64,-79],[-18,-65],[37,-81],[36,64],[17,-1],[41,-254]],[[18324,23051],[29,-42],[9,-29],[-26,-31]],[[18336,22949],[-11,8],[-28,-54],[7,-50]],[[18304,22853],[-8,0],[-26,-8],[-8,20],[-23,16],[-18,14],[-18,56],[-35,-33],[-20,2],[-9,4],[-11,62],[-28,0],[-9,17],[-4,5],[-22,9],[-14,27],[-15,11],[-8,-1],[0,0],[0,0],[-1,-1],[-2,-2],[-1,-1],[-1,0],[-1,1],[-1,-2],[0,0],[0,-2],[-1,0],[0,-1],[0,-2],[-1,-1],[-1,0],[0,-2],[-1,0],[-2,2],[-1,0],[-1,0],[-25,34],[-6,29]],[[17982,23106],[20,12],[36,24],[25,10]],[[18063,23152],[1,-16],[47,-10],[12,2],[25,20]],[[18148,23148],[1,1],[0,4]],[[18149,23153],[4,0],[38,8],[9,13],[34,-12],[13,-28],[32,-7],[23,-26],[-3,-8],[-8,-33],[13,-16],[20,7]],[[17754,17190],[-4,-69],[24,-88],[31,-44],[19,-29],[9,-90],[56,-64],[51,3],[2,-65],[26,-61]],[[17968,16683],[-36,-64],[-57,-18],[-54,-66]],[[17821,16535],[-16,4],[-88,20]],[[17717,16559],[-54,-25],[-118,0],[-83,0],[-5,-17],[-13,-35],[13,-108],[9,-85]],[[17466,16289],[-9,11],[-41,49],[-17,5],[-23,7],[-75,-52],[-44,26],[-30,73],[-40,35]],[[17187,16443],[29,206],[63,88],[44,157],[71,18],[76,137],[53,15],[22,40],[10,9],[105,86],[94,-9]],[[20546,21901],[-8,-50],[-43,-19],[-17,-78],[-16,-73],[22,-47],[9,-20]],[[20493,21614],[-96,17],[-11,-15],[-38,-12],[-20,-35]],[[20328,21569],[-41,-64],[-4,-2],[-67,-7],[-5,7],[-38,8],[-29,30],[-43,-3],[-43,-24],[-16,4],[-52,-10]],[[19990,21508],[4,30],[-5,35],[-5,47],[-22,14],[-13,8],[-15,25]],[[19934,21667],[10,56],[-2,29],[7,7],[23,3],[25,50],[-25,32],[-8,2],[-26,57],[13,48],[14,28]],[[19965,21979],[28,-19],[3,-47],[16,0],[47,-3],[47,-15],[21,-1],[33,5],[63,-11],[24,-2],[13,7],[68,57],[2,0],[88,15],[41,-23],[87,-41]],[[22692,19020],[10,15],[19,-12],[-4,-50],[-16,10],[-9,37]],[[20630,14004],[-38,279]],[[20592,14283],[14,18],[51,-23],[31,56],[52,4]],[[20740,14338],[-7,-72],[33,-30],[-1,-31],[-78,-173],[-57,-28]],[[18082,16656],[22,-182],[-23,-110],[-14,-32],[-62,-143],[-7,-411]],[[17998,15778],[-106,-23]],[[17892,15755],[11,16],[-17,81],[4,352],[-28,162],[-38,48],[-14,23],[0,45],[11,53]],[[17968,16683],[3,54],[39,22],[57,-81],[15,-22]],[[11527,17681],[11,-12],[9,8],[8,-14],[-17,-9],[-11,27]],[[11302,20016],[12,-17],[58,47],[-2,21],[21,-11],[-47,-51],[-34,-12],[-8,23]],[[29075,15538],[2,-47],[-32,4],[-18,-82],[-59,72]],[[28968,15485],[85,66],[22,-13]],[[29060,15535],[1,-1],[0,0],[0,-2],[1,0],[0,-1],[-1,-2],[0,-1],[1,-2],[-1,-3],[0,-1],[1,-2],[1,-1],[0,2],[-1,2],[0,1],[2,2],[1,4],[-3,3],[0,2],[-2,0]],[[12002,11429],[-9,62],[-86,79],[-84,0],[-166,-57],[-56,-148],[-37,-261],[-4,-17]],[[11560,11087],[-45,38],[-66,-1],[-55,-101],[-39,74],[-137,49],[-104,-150]],[[11114,10996],[-63,-1],[-14,109],[-21,92],[-2,49],[-15,44],[-37,114],[23,155],[-41,65],[-19,141],[-37,101]],[[10888,11865],[-9,46],[66,145],[-34,43],[-14,69],[18,66],[-11,76],[41,97],[-6,202],[22,79],[-77,250]],[[10884,12938],[93,-17],[192,184],[118,18],[17,-272],[77,-136],[102,-47],[163,-146],[69,-7],[47,-40],[48,-393],[167,-41],[7,-117],[53,-80],[19,-99],[-41,-217],[5,-69],[-18,-30]],[[11114,10996],[14,-44],[-30,-148],[-84,-67],[-31,-60],[9,-53],[-16,-49],[15,-118],[-14,-61],[23,-76],[-41,-43],[-31,-77],[-55,-126],[-34,-158],[8,-136],[-63,-180],[49,-271],[24,-77],[-7,-120],[-63,-167],[7,-140],[-60,-78],[-11,-53],[13,-253],[11,-39],[-47,-53],[-27,-126],[-21,-210],[11,-168],[-36,-47],[3,-95],[31,-52],[-7,-44],[25,-32],[-6,-30],[-7,-68],[48,-55],[-54,-42],[36,-67],[-28,-65],[-15,-219],[-55,-133],[5,-76],[-18,-62],[-83,-104],[-9,-53],[-3,-94],[18,-54],[19,-29],[40,12],[37,-13],[3,-134],[45,-70],[185,-11],[127,-48]],[[10964,6160],[-52,15],[-21,-21],[30,-51],[43,10],[9,-8]],[[10973,6105],[0,-146],[0,-222]],[[10973,5737],[-1,-1],[21,-8],[64,8],[10,-1],[34,-41],[-104,-64],[-102,7],[-135,104],[-50,-13],[-193,152],[-56,120],[45,9],[-1,39],[-150,141],[-7,108],[22,51],[-18,74],[36,96],[-26,4],[-48,-49],[-25,214],[17,40],[-4,79],[82,42],[38,99],[-22,105],[-92,9],[-14,30],[99,187],[21,205],[54,44],[9,-92],[22,-18],[80,386],[-21,91],[-36,-15],[-8,-81],[-35,-53],[-8,-88],[-25,-22],[-21,19],[4,124],[34,121],[-2,185],[47,201],[-19,320],[125,378],[73,399],[-14,299],[26,157],[-7,152],[78,434],[18,203],[-3,300],[29,224],[6,300],[-21,274]],[[10799,11725],[45,28],[17,85],[27,27]],[[11089,5623],[5,-65],[-21,14],[-13,26],[0,58],[29,-33]],[[9888,10412],[-19,-18],[-31,17],[22,30],[28,-29]],[[7368,10405],[-8,-45],[-27,39],[15,24],[20,-18]],[[10982,5493],[0,-29],[-49,8],[10,23],[39,-2]],[[9956,9237],[16,-57],[-26,10],[-14,39],[24,8]],[[10547,7709],[-18,-4],[-8,24],[11,41],[16,2],[-7,-37],[6,-26]],[[10369,6881],[-50,-15],[2,19],[33,26],[15,-30]],[[10927,5590],[-4,-31],[-45,30],[12,16],[37,-15]],[[19259,15967],[-99,-239],[5,-122],[61,-245],[82,-148],[18,-116]],[[19326,15097],[-17,-72],[-148,67],[-120,-3]],[[19041,15089],[-143,18],[-50,-18]],[[18848,15089],[-117,0],[-32,29]],[[18699,15118],[11,126],[-36,128],[-49,27],[-53,104],[3,20]],[[18575,15523],[40,178],[103,161],[64,13],[63,-61],[47,72],[46,212],[50,79],[92,328],[86,139],[4,73],[-37,63],[-14,96]],[[19119,16876],[33,-6],[39,-77],[29,-140],[1,-164],[39,-116],[-120,-3],[-23,-53],[55,-118],[57,-64],[30,-168]],[[30598,21690],[-58,66],[-59,-75],[-112,-73],[-26,-76],[-130,22],[-69,-105],[-163,-160]],[[29981,21289],[-18,-29],[-85,-11],[-144,-97],[-26,78],[52,143],[-82,52],[-168,-160],[-63,-99],[-90,-12],[-32,-41],[2,-78],[104,-60],[25,-110],[24,-31],[41,1],[115,83],[152,-68],[-11,-68],[-95,-35],[-111,-104],[-87,-187],[13,-40],[78,-78],[65,-246],[88,-149],[-3,-135],[-91,-113],[88,-38],[36,11],[8,-32],[-54,-150],[-14,-100],[-62,-84],[-33,-102],[-63,-110],[-27,-137],[-68,-143],[-247,-306],[-214,-74]],[[28984,18430],[-19,-9]],[[28965,18421],[-41,32],[-7,-79]],[[28917,18374],[-2,-5]],[[28915,18369],[-28,-45],[-22,26],[-35,-52],[-197,-64],[-33,-71],[9,-78],[-23,-23],[-24,13],[-18,55],[4,110],[-101,51],[-75,-26]],[[28372,18265],[-121,83],[-15,124],[-130,79],[-121,-108],[-71,13],[-39,-28],[-44,22],[-38,-46]],[[27793,18404],[-50,-20],[6,-171],[-39,4],[-16,50]],[[27694,18267],[-17,20],[-66,-23],[-40,75],[-57,30],[11,130],[-46,45],[-22,127],[-106,-9],[-2,135],[97,180],[13,131],[-10,126],[-35,34],[-27,86],[-36,40],[-31,-38]],[[27320,19356],[-92,40],[15,64],[-35,31],[-16,61],[-59,-42],[-94,13],[-110,-99],[-12,-18],[-55,-82],[-12,-18],[-92,-24]],[[26758,19282],[-26,34],[-135,29],[-45,-8],[-42,-91],[-19,-43]],[[26491,19203],[-15,123],[-63,-23]],[[26413,19303],[-90,-5],[-16,10],[-41,24],[-63,-16],[-31,51],[-49,14],[-8,43],[-55,17],[-46,87],[-45,-5],[-35,46],[-147,146],[-29,1],[-30,-53],[-14,20]],[[25714,19683],[-81,62]],[[25633,19745],[1,4],[-2,3],[0,1],[1,1],[0,0],[-1,4],[-1,2],[1,2],[2,0],[1,4],[2,1],[0,4],[-1,3],[-1,1],[-1,0],[-1,0],[0,2],[-1,1],[-1,2],[-2,2],[-1,-1],[-1,-2],[-2,-1],[-4,1],[-2,2],[-3,2],[-2,5],[-2,4],[-1,2],[-2,1],[0,0],[-2,-2]],[[25607,19793],[-52,31]],[[25555,19824],[-31,52],[-22,-18]],[[25502,19858],[-12,109]],[[25490,19967],[-8,26],[-21,24]],[[25461,20017],[-7,46]],[[25454,20063],[30,20],[22,-46],[32,26]],[[25538,20063],[26,34],[-17,67],[-19,8]],[[25528,20172],[-22,34]],[[25506,20206],[5,96],[49,26],[52,87],[25,114],[-93,92],[-137,-71]],[[25407,20550],[-60,0],[-111,63],[-35,129],[-51,46],[-74,14]],[[25076,20802],[1,30],[31,3]],[[25108,20835],[21,40],[-31,169],[-98,26],[-13,131]],[[25636,21652],[-1,29],[42,156],[-37,263],[120,54],[86,-3],[6,93],[59,198],[176,-16],[53,25],[41,189],[151,140]],[[26332,22780],[50,14]],[[26382,22794],[34,-109],[63,-63],[31,-15],[87,-40],[88,-167],[7,-103],[-18,-93],[13,-43],[175,-46],[99,-26],[137,-95],[140,-243],[281,-39],[155,9],[63,-31],[18,-9],[163,-81],[130,-27],[26,-17],[30,17],[112,61],[86,47],[204,13],[87,44],[146,153],[-20,116],[34,86],[174,-12],[93,81],[121,43],[111,131],[131,52],[143,15],[-19,74],[-112,121],[-52,0],[-53,-40],[-157,19],[-2,74],[98,252]],[[29229,22903],[107,-45],[128,80],[83,227],[70,101],[-5,69],[-45,34],[5,17],[78,78],[232,41],[209,-77],[99,-149],[116,-388],[188,-71],[74,-68],[79,-195],[87,-6],[257,103],[3,-113],[-45,-69],[-35,-159],[-79,-182],[-113,24],[-66,-70],[-5,-285],[-69,-71],[11,-8],[5,-31]],[[29713,18667],[-84,-336],[-70,186],[27,150],[37,99],[48,83],[31,22],[24,-14],[16,-28],[-29,-162]],[[28634,18034],[31,-75],[-33,-61],[-24,-105],[-9,0],[-79,-76],[-69,41],[-12,35],[-1,107],[71,89],[24,20],[37,-7],[13,16],[40,0],[11,16]],[[29715,21128],[-14,-37],[-33,13],[19,33],[28,-9]],[[29246,18139],[6,-40],[-35,11],[-12,24],[41,5]],[[28497,18189],[-9,-31],[-26,8],[3,28],[18,15],[14,-20]],[[11144,14934],[-18,1],[-7,81],[-28,57],[-49,-47],[-26,27],[-27,-35],[-128,-3],[-8,-94],[52,-19],[13,-50],[-82,-34],[-2,-44],[-2,-29],[-1,-31],[38,-65],[14,-60],[10,-44],[-10,-101],[-9,-83],[-34,-321]],[[10840,14040],[-62,84],[42,166],[-72,66],[-199,-19],[-128,252],[-34,67],[-72,62]],[[10315,14718],[-84,73],[-102,4],[-155,166]],[[9974,14961],[-8,11],[-11,35],[29,30],[12,101],[71,37],[60,151],[0,36],[-28,45],[9,177],[1,220],[-51,113]],[[10058,15917],[64,112],[-12,125]],[[10110,16154],[50,-82],[11,79],[107,146],[24,174],[48,64],[170,60],[150,169],[43,-30],[-8,-60]],[[10705,16674],[-59,-30],[-83,-168],[-54,-228],[51,-31],[38,-117],[2,-148],[42,-63],[186,-18],[71,-135],[174,16],[12,-36],[-35,-132],[-1,-127],[47,-160],[-36,-89],[49,-91],[35,-183]],[[9688,16720],[-7,-13],[-30,13],[-3,18],[22,20],[18,-38]],[[6952,16432],[9,20],[30,-21],[-20,-39],[-19,40]],[[9487,16526],[39,-113],[72,-111]],[[9598,16302],[-34,-33],[13,-72],[-21,-103],[9,-43]],[[9565,16051],[-34,89],[-35,-5],[-16,89],[-94,121],[-41,-24],[-48,43],[-17,61],[10,124]],[[9290,16549],[105,-8],[67,-47],[25,32]],[[9174,15637],[-27,-28],[-12,21],[9,22],[28,8],[2,-23]],[[9773,18540],[48,-51],[15,28],[14,-28],[31,-5],[0,-22],[45,-57],[110,-44],[21,16],[25,-75],[28,-3],[37,-39],[126,-71],[18,-47],[74,-31],[56,-73],[-92,-42],[-247,-11],[16,44],[36,50],[-14,39],[-22,3],[-76,32],[-37,107],[-20,14],[-38,-8],[-46,20],[-85,62],[-124,20],[-23,31],[35,16],[-12,32],[-101,-11],[-23,-17],[-29,-46],[-52,-6],[-20,-42],[-34,-3],[6,86],[48,49],[53,32],[102,38],[50,0],[64,-11],[37,24]],[[9593,18260],[-23,-13],[-27,13],[9,50],[19,17],[34,-32],[-12,-35]],[[10033,18420],[8,-31],[-28,1],[-23,31],[13,26],[30,-27]],[[15425,17185],[-9,-17],[-32,34],[19,32],[22,-49]],[[15276,17538],[-36,-39],[-10,26],[33,31],[13,-18]],[[15345,17166],[-22,-16],[-14,30],[21,32],[15,-46]],[[15502,17365],[-20,-20],[-17,20],[13,32],[17,-6],[7,-26]],[[15462,17213],[-12,-17],[-16,15],[9,47],[15,-5],[4,-40]],[[17901,21699],[-23,-5],[-5,21]],[[17873,21715],[34,-5],[-6,-11]],[[23274,18933],[9,-20],[1,-86]],[[23284,18827],[-23,-29],[-28,9],[4,-110],[-36,-57],[-32,-185]],[[23169,18455],[-252,44],[-104,207]],[[22813,18706],[55,-39],[190,35],[198,300],[0,1]],[[23256,19003],[18,-70]],[[25076,20802],[-91,-21]],[[24985,20781],[-34,-4],[-94,-19],[-102,-107],[31,-150],[-39,-72],[-24,-119],[-105,-10],[34,-100],[-71,-58],[-25,-146],[-28,-75],[-76,23],[-37,-29],[-27,-56],[-67,-3],[-47,-58],[-16,-167],[-100,-50],[-271,-29],[-159,74]],[[23767,20568],[100,-62],[44,11],[52,89],[114,74],[45,133],[88,66],[77,-24]],[[24287,20855],[121,-29]],[[24408,20826],[7,-19],[20,-14],[84,50],[37,-23],[15,55],[73,17],[8,61],[57,77],[47,-28],[0,-45],[24,-28],[-3,-54],[-4,-85],[32,-40],[146,122],[55,-30],[71,21],[31,-28]],[[11624,17538],[30,18],[15,-34],[-43,-8],[-2,24]],[[11500,17703],[13,10],[4,11],[17,11],[-3,-14],[-16,-15],[-15,-3]],[[19709,21707],[18,-26],[21,-29],[4,-18],[8,-38]],[[19760,21596],[-3,-5],[-1,-18],[0,-25],[-5,-44],[9,-37],[24,-26],[14,-12]],[[19798,21429],[7,-39],[-27,-44],[-16,-44],[-23,-16],[1,-32],[-9,4],[-29,-20]],[[19702,21238],[-2,2],[1,24],[-11,25],[-31,28],[-25,77],[12,58],[8,44],[4,51],[-3,26],[-1,17],[-15,1]],[[19639,21591],[2,43],[0,31],[10,16],[17,25],[17,-13],[24,14]],[[22141,21242],[-39,47],[-71,21],[5,106],[-23,46],[1,11]],[[22014,21473],[151,28]],[[20094,12945],[5,-235],[-15,-99],[-183,-22],[8,-533],[130,-213]],[[20039,11843],[-168,-54],[-265,22],[-76,72],[-417,2],[-78,62],[-146,-41]],[[18889,11906],[1,218],[49,189],[28,211],[109,209],[18,212],[-79,295],[33,68],[-2,62],[-93,331],[44,59]],[[18997,13760],[356,3],[55,-221],[74,-135],[146,23],[56,156],[59,8],[30,-49],[92,-10],[25,-187],[-7,-163],[42,-147],[0,-115],[78,-8],[91,30]],[[18932,13789],[-20,125]],[[18912,13914],[79,85],[31,-34]],[[19022,13965],[-52,-61],[-8,-103],[-30,-12]],[[11560,11087],[73,-137],[94,-116],[99,-44],[222,-201],[6,-36],[-93,-286],[213,-43],[30,28],[36,-16],[28,65],[66,74],[19,164]],[[12353,10539],[69,-30],[23,-97],[-16,-112],[-180,-187],[-194,-325]],[[12055,9788],[-50,-267],[0,-200]],[[12005,9321],[-24,-18],[-12,-59],[1,-34],[3,-125],[122,-143],[-13,-96],[58,-84],[-3,-97],[-82,-180],[-36,-33],[-265,-102],[-111,-6],[-17,-22],[-19,17],[-1,1],[-2,0],[-2,-1],[-1,-2],[-1,-2],[0,-3],[0,-3],[13,-118],[-24,-87],[17,-34],[-56,-80],[-86,-21],[-136,51],[-14,-42],[10,-121],[38,-85],[-23,-64],[33,-44],[-69,-99],[-6,-40],[6,-77],[-39,-69],[5,-42],[-132,-42],[-62,-121],[7,-75],[11,-22],[24,-18],[20,-26],[102,-41],[16,-42],[-17,-114],[-101,-89],[-57,-67],[-10,-51],[-24,-100],[-97,-66],[-25,-54],[17,-155],[39,-88],[13,-23],[-3,-17],[-26,14]],[[10973,6105],[21,-45],[-4,-54],[96,-116],[119,-93],[85,-19],[7,-22],[-7,-20],[-107,-21],[-155,30],[-55,-8]],[[11464,7724],[-48,-20],[-16,22],[4,21],[-19,24],[36,17],[-2,34],[32,18],[14,-36],[-1,-80]],[[11427,5755],[-23,-21],[-21,23],[31,30],[13,-32]],[[885,12377],[37,36],[5,-19],[-19,-42],[-23,25]],[[19400,22701],[1,-14],[-10,-16],[12,-43],[9,-9],[10,-18]],[[19422,22601],[-17,-47],[-56,-9],[22,-36],[-21,-15],[2,-51],[-34,-29]],[[19318,22414],[-11,-5],[-21,-21],[-13,-1],[-25,-8],[-33,0],[-38,-33],[-11,-13],[-13,11],[-71,13]],[[18762,22412],[-32,-1],[-53,35]],[[18677,22446],[2,15],[-9,19]],[[18670,22480],[3,45]],[[18673,22525],[40,0],[3,-10],[18,-35],[23,19],[4,28],[42,-3],[11,-23],[2,0],[40,8],[-1,8],[22,16],[22,1],[20,3],[28,13],[23,-11],[12,8],[34,-26],[-8,58],[-9,14],[-1,6],[-11,19],[19,15],[23,15],[28,43],[0,-1],[2,1],[0,1],[1,0],[0,0],[0,1],[1,0],[1,1],[-1,1],[1,1],[0,0],[21,-12],[7,33],[4,9]],[[19094,22726],[84,-31],[35,63],[49,-10],[21,-9],[117,-38]],[[10980,16751],[6,16],[35,-27],[1,-27],[-14,-1],[-28,39]],[[12168,15052],[38,-2],[20,79],[84,22],[44,-37]],[[12354,15114],[40,-30],[43,25],[77,-13],[43,61],[86,241]],[[12643,15398],[18,40],[32,-53],[41,-266],[74,-134],[-18,-165],[48,-46],[13,-29],[104,-75],[-11,-81],[-13,-87],[23,7],[41,80],[18,35],[65,-3],[54,-32],[99,-58],[27,-40],[63,-9],[11,-38],[15,-83],[11,-59],[93,32],[190,-71],[148,-5],[144,-134],[136,-180],[158,-76],[35,-79],[29,-163],[1,-211],[-53,-204],[-160,-290],[-100,-250],[-77,-102],[-14,-233],[8,-217],[-24,-249],[-47,-171],[-20,-172],[-84,-218],[-40,-174],[-108,-151],[-220,-39],[-94,-112],[-92,-34],[-177,-203],[-41,-134],[5,-256],[-32,-136],[-98,-177],[-88,-226],[-18,-5],[0,71],[-41,-32],[-67,-144],[-62,-231],[-75,-124]],[[12473,9202],[-13,72],[20,55],[15,39],[-66,114],[-169,182],[-20,-10],[-22,-2],[-20,59],[-63,83],[-53,-22],[-27,16]],[[12353,10539],[21,251],[-28,29],[-71,7],[-50,249],[-51,32],[-67,-19],[-76,30],[0,180],[-29,131]],[[10884,12938],[-105,4],[-5,203],[-70,-45],[-66,1],[-38,66],[-58,35],[-9,81],[-80,212],[17,99],[53,100],[48,210],[78,81],[101,54],[90,1]],[[11144,14934],[57,-66],[59,17],[24,-20],[114,114],[80,120],[-2,27],[-50,44],[-55,240],[162,-67],[49,61],[139,74],[30,53],[-2,54]],[[11749,15585],[56,-1],[15,-101],[36,-72],[-29,-249],[42,-149],[69,-72],[151,112],[79,-1]],[[14855,14893],[-3,-48],[-30,43],[7,26],[26,-21]],[[12682,9549],[-22,-27],[-15,14],[21,51],[16,-38]],[[14860,11374],[-26,-31],[-10,40],[7,26],[29,-35]],[[10078,18726],[-20,-30],[-52,74],[28,88],[16,-20],[28,-112]],[[10525,18169],[-53,-6],[-3,14],[33,37],[29,-19],[-6,-26]],[[10141,19044],[-14,-8],[-8,27],[-15,35],[1,29],[39,-37],[-2,-27],[-1,-19]],[[10094,18654],[-12,-35],[-19,15],[-2,43],[21,25],[12,-48]],[[10003,19095],[-24,-32],[-25,29],[40,32],[9,-29]],[[10439,18370],[-4,-29],[-45,21],[14,21],[35,-13]],[[10194,18894],[-35,-12],[-1,35],[30,13],[6,-36]],[[10345,18552],[-3,-45],[-32,23],[13,33],[22,-11]],[[10137,18992],[-19,-21],[-14,27],[7,25],[21,1],[5,-32]],[[10078,18965],[-11,-16],[-28,1],[-7,11],[5,13],[34,11],[7,-20]],[[26758,19282],[2,-35],[39,-29],[5,-83]],[[26804,19135],[-207,-17],[-25,-3],[-62,26],[-9,11],[-10,51]],[[22006,12871],[7,-76],[-24,13],[5,60],[12,3]],[[22128,12718],[-11,-22],[-26,37],[19,30],[18,-45]],[[22051,12722],[-10,-38],[-18,5],[-3,39],[7,13],[24,-19]],[[11527,17586],[13,17],[18,-30],[1,-5],[-3,-10],[-11,1],[-18,27]],[[30598,21690],[5,-27]],[[30603,21663],[-81,-90],[-26,-149],[-193,-183],[-9,-66],[82,-113]],[[30376,21062],[-29,-46],[-90,-8],[-48,-75]],[[30209,20933],[-2,-5],[0,-2]],[[30207,20926],[-3,0],[-1,-1],[-1,-2],[-2,0],[-2,3],[-3,2],[-1,1],[-1,1],[-3,1],[-2,3],[-3,3],[-2,4],[1,3],[0,1],[-1,1],[-1,-4],[-6,-2],[-5,-4],[-1,0],[-1,-1],[-5,3],[0,-1],[-1,-1],[-1,-1],[-4,-1],[0,-2],[-1,-3],[-1,-1],[-1,-2],[-2,0],[-1,0],[-32,26],[-40,-17],[-41,51],[1,60],[30,30],[8,119],[-28,26],[-39,-23],[-30,91]],[[10938,16734],[-6,-13],[-23,25],[-5,42],[20,-11],[14,-43]],[[10960,16711],[-7,-7],[-15,8],[-4,12],[7,7],[14,-4],[5,-16]],[[28116,13010],[30,35],[10,-5],[-14,-58],[-26,28]],[[21043,20445],[-67,-35],[-38,8],[-18,27],[7,37],[57,42],[97,16],[16,20],[37,21],[1,-7],[-49,-51],[-9,-2],[-4,-42],[-30,-34]],[[19191,23070],[36,14],[34,-29],[57,-19],[22,-12],[24,-73],[28,9],[5,41],[51,-32],[60,-31],[53,-25],[27,-65]],[[19588,22848],[-44,-20],[-8,-13],[-67,-75],[-24,-7],[-45,-32]],[[19094,22726],[-28,32],[-13,2],[-24,32],[-53,50],[-4,10],[-19,36],[14,24],[-28,25],[-10,26],[-6,16],[48,15],[36,0],[54,37],[15,16],[49,20],[17,33],[17,-2],[12,-30],[20,2]],[[18659,23719],[5,-2],[2,1],[28,-16],[2,-27],[37,-21],[0,-14],[54,-7],[28,3],[-16,-54],[6,-6],[65,11],[43,25],[20,11],[8,5],[96,48],[29,-22],[-23,-39],[90,-44],[-2,-10],[-11,-17],[17,-11]],[[19137,23533],[14,-60],[-27,-60],[2,-11],[27,-35],[13,-10],[-3,-37],[6,-20],[16,-33],[-4,-12],[1,-68],[24,-36],[-15,-81]],[[18673,22525],[-6,1],[-31,17],[-51,5],[0,0],[-5,19],[-11,-4],[1,-25],[-9,-9],[-52,3],[-18,-8],[-8,4],[-4,4]],[[18479,22532],[-5,26],[4,28],[0,33],[0,0],[10,23],[27,75],[27,41],[-16,5],[-16,8],[-27,1],[-26,18],[-10,-5],[-16,4],[-38,10],[-16,33],[-19,8]],[[18358,22840],[2,14],[9,44],[-33,51]],[[18324,23051],[7,26],[-21,19],[29,25],[-10,10],[15,20],[-26,63],[21,25],[23,-12],[27,17],[8,31],[30,20],[-6,26],[-30,14],[1,23],[29,2],[9,32],[11,46],[0,21]],[[18441,23459],[6,13],[-17,8],[39,50],[31,5],[28,-11],[5,-14],[-8,-8],[13,-16],[36,19],[-4,13],[10,26],[7,21],[14,22],[1,40],[-20,105]],[[18582,23732],[25,-3],[22,-3],[16,-10],[14,3]],[[18525,23624],[-8,-42],[-34,45],[26,12],[16,-15]],[[18589,23573],[-23,-21],[-15,4],[15,36],[23,-19]],[[21993,16611],[-29,-76]],[[21964,16535],[-112,8],[-2,96],[58,138]],[[21908,16777],[28,-10],[43,49]],[[21979,16816],[25,-98],[-59,-77],[48,-30]],[[18582,23732],[-44,107],[-1,43],[1,119],[47,-4],[22,31],[41,-4],[-24,39],[-17,-1],[-17,-32],[-39,18],[30,43],[26,3],[137,79],[21,-41],[-29,-109],[61,-32],[3,-27],[-89,-98],[-27,-3],[16,-116],[-21,-20],[-20,-8]],[[18965,23896],[6,-17],[0,-14],[16,-12],[-13,-13],[-11,10],[-14,-6],[-14,-28],[7,-35],[-33,-86],[-57,21],[10,39],[-25,43],[1,54],[29,35],[41,-5],[20,44],[36,-6],[1,-24]],[[18803,23753],[-8,-27],[-37,2],[-12,0],[-53,79],[28,33],[64,-4],[18,-83]],[[19225,23762],[-7,-16],[-14,1],[-25,21],[7,24],[18,-10],[21,-20]],[[11672,17285],[27,-5],[0,-53],[-13,-6],[-14,64]],[[10663,17688],[-12,86],[20,100],[-8,88]],[[10663,17962],[73,28],[89,-35],[41,-54],[40,-8],[-9,-30],[61,-31],[31,-56],[-23,-58],[-105,36],[-60,-30],[-52,10],[-55,-87],[-31,41]],[[18582,20787],[-29,-67],[7,-218],[-17,-85],[-70,-130],[26,-101],[88,-158],[40,-54],[45,-284]],[[18672,19690],[-10,-25],[35,-131],[13,-230],[-5,-203],[-42,-83],[51,-125],[16,-95],[29,-45],[115,-54],[39,-112]],[[18913,18587],[-323,-314],[-126,-127],[-160,-222],[-155,-54]],[[18149,17870],[-67,-12],[-15,-3],[-11,-2],[-11,132],[-135,76],[-57,70],[-29,87],[-19,22],[-19,20],[-231,248],[-10,11],[-88,94],[-58,63],[-144,154]],[[17255,18830],[-378,379]],[[16877,19209],[0,58]],[[16877,19267],[4,139],[31,63],[115,92],[159,28],[62,81],[108,92],[22,135],[57,47],[22,45],[153,32],[11,42],[-47,115],[-21,241],[-40,64]],[[17513,20483],[32,12],[10,4],[22,9],[68,78],[81,25],[79,75],[20,19],[154,28],[45,30],[43,2],[15,1],[31,16],[87,-4],[55,-38],[79,38],[29,29],[55,-27],[37,27],[53,-32],[74,12]],[[9824,14172],[-2,2],[20,71],[-63,119],[-11,150],[23,75],[58,185],[1,89],[124,98]],[[10315,14718],[-22,-22],[24,-107],[-34,-115],[-18,-30],[-52,-83],[-19,-31],[-149,-133],[-98,-250],[-126,74],[3,151]],[[8760,14589],[-12,-17],[-16,17],[9,55],[-26,40],[13,59],[46,-117],[-14,-37]],[[8842,14610],[-16,-5],[-15,25],[26,41],[13,-32],[-8,-29]],[[8933,14589],[-5,-16],[-26,10],[4,6],[30,46],[9,-9],[-12,-37]],[[8844,14529],[-26,-36],[-15,18],[10,37],[31,-19]],[[8810,14700],[-4,-44],[-31,34],[7,24],[28,-14]],[[20425,24159],[-88,6],[-139,80],[-21,-11],[-47,-16]],[[20130,24218],[16,69],[-55,-1],[-43,48],[0,91],[21,16],[207,54],[18,9],[73,-20],[126,-5]],[[20493,24479],[8,-19],[-75,-93],[28,-132],[-29,-76]],[[19998,24382],[-12,-39],[30,1],[-3,-28],[-67,-52],[-36,4],[-21,41],[55,33],[14,69],[40,-29]],[[21102,19866],[5,-16]],[[21107,19850],[32,-138],[31,-145]],[[21170,19567],[-51,-242],[-25,-27],[-84,118],[-65,193],[-17,-12],[27,-136],[83,-167],[51,-218],[128,-367],[23,-183]],[[21240,18526],[-66,-57],[-35,-84],[-38,-14],[-12,-32]],[[21089,18339],[-89,0]],[[21000,18339],[-806,0]],[[20194,18339],[0,489],[0,89],[0,221],[-1,372],[-24,162],[24,97],[-10,106],[25,45]],[[20208,19920],[201,-43],[186,-88],[196,118],[84,-16],[79,-66],[148,41]],[[16877,19209],[-15,-209],[-307,-25],[-8,-365],[-100,-134],[-2,-242],[-371,-7],[-23,-90]],[[16051,18137],[10,154],[120,358],[76,129],[48,231],[86,111],[43,147]],[[16434,19267],[443,0]],[[20296,21408],[-40,22],[-48,21],[-33,-22],[-11,-33],[-18,41],[-64,-21],[-10,-3],[-1,-20],[-10,-53],[-35,-16],[-29,22],[-32,29],[-1,-6],[-11,-52],[11,-33],[24,-61],[18,-36],[-13,-66],[-16,-27],[57,-47],[8,-5],[4,42],[55,-42],[-7,-19],[-33,-5],[4,-1],[29,-18],[0,-23],[6,-64],[-30,25],[-7,14],[-7,12],[-14,2],[-28,-12],[-5,-37],[7,-22],[12,3],[0,25],[11,0],[-1,-50],[-59,-2],[16,-65],[-1,-52],[-56,-3],[-31,35],[-27,-20],[-13,94],[-19,35],[-28,44],[14,39],[51,30],[50,-23],[73,-13],[1,17],[-23,9],[-28,23],[-54,5],[-20,-3],[-64,-3],[-43,83],[33,30],[-39,1],[-23,37],[-46,68]],[[19798,21429],[79,12],[14,28],[29,11],[11,-8],[54,36],[5,0]],[[20328,21569],[23,-48],[-55,-113]],[[20105,20560],[22,-33],[60,9],[55,-18],[71,-21],[-10,-23],[-55,-6],[-67,-6],[-15,22],[-42,14],[-64,12],[-9,18],[10,22],[44,10]],[[20392,20916],[-31,-45],[-41,6],[-4,23],[38,-3],[-4,27],[27,13],[15,-21]],[[20153,21295],[-23,-10],[-19,41],[-27,11],[-2,45],[34,-29],[37,-58]],[[20331,21181],[9,-30],[-6,-29],[-25,4],[0,30],[-15,-15],[-16,17],[6,12],[47,11]],[[20497,20652],[-21,-32],[-14,1],[-2,31],[0,24],[38,21],[-1,-45]],[[20254,20818],[3,-40],[-20,-4],[-7,27],[-20,-19],[-14,15],[12,28],[46,-7]],[[20308,21012],[-15,-26],[-9,16],[7,22],[-15,26],[17,9],[15,-8],[0,-39]],[[19771,21035],[0,-64],[-32,24],[14,36],[18,4]],[[20154,20980],[-19,-34],[-31,30],[13,16],[37,-12]],[[20010,20693],[-8,-56],[-20,19],[-1,37],[29,0]],[[20254,20699],[-12,-30],[-29,38],[24,20],[17,-28]],[[19795,20920],[-9,-23],[-31,36],[13,29],[27,-42]],[[20098,21317],[3,-40],[-27,6],[-9,38],[33,-4]],[[20201,20946],[-8,-40],[-32,33],[20,24],[20,-17]],[[20267,21349],[-24,-13],[-9,24],[9,27],[22,-7],[2,-31]],[[20105,21123],[-21,-16],[-10,35],[33,28],[-2,-47]],[[19785,21068],[-36,-21],[8,47],[15,15],[13,-41]],[[19690,21217],[-15,-1],[-19,36],[24,13],[14,-12],[-4,-36]],[[20220,21298],[2,-50],[-30,10],[0,30],[28,10]],[[19824,20829],[-31,-16],[-17,24],[38,22],[10,-30]],[[21908,16777],[-76,151],[-73,114],[-79,75],[-105,7],[-48,-24],[-60,61],[-39,-91],[-23,21],[-72,-21]],[[21333,17070],[-10,139],[40,166],[16,148],[121,95],[30,66]],[[21530,17684],[106,-430],[27,-3],[130,-136],[186,-299]],[[21695,17349],[3,-51],[-31,1],[-10,52],[23,19],[15,-21]],[[21752,17325],[3,-49],[-32,6],[2,32],[27,11]],[[21708,17438],[-30,-39],[-3,57],[30,-1],[3,-17]],[[17555,21838],[2,-3],[4,-6],[28,-7],[71,-55],[40,-12],[78,-24],[18,-1],[9,9],[11,13],[46,-21],[11,-16]],[[17901,21699],[1,-2],[142,-9]],[[18044,21688],[-10,-80],[-29,-49],[-112,-75],[-70,-35],[-18,-33],[-23,-42],[-69,-131],[-11,-57],[25,-80],[18,-30],[-56,-53],[-33,-87],[-85,-78],[-16,-32],[-10,-22],[-21,-41],[-67,-5],[-34,-2],[-24,-1],[-40,-1],[-59,-7],[-86,-63],[-9,-26]],[[17205,20658],[-1,0]],[[17204,20658],[-2,0],[-5,2],[-2,-15],[-15,-10],[-19,11],[-12,16],[-12,2],[-37,79],[-2,11],[8,10],[-59,59],[-45,3]],[[17002,20826],[-11,57],[7,28],[50,84],[-17,-3],[-17,43],[8,49],[18,43],[-21,43],[-31,63],[53,12],[5,86],[9,2],[6,42],[-13,82],[24,29],[21,15],[17,48],[-33,51],[-34,12],[-21,-15],[-84,-10],[-11,-1],[-4,56],[-65,-47]],[[16858,21595],[8,76],[5,58],[-23,-9],[-24,57],[7,16],[15,32],[35,10],[30,9],[62,57],[9,-11],[56,-21],[117,11],[132,-35],[112,2],[22,-9],[36,13],[32,-16],[33,0],[23,2],[10,1]],[[18029,21277],[12,-26],[19,2],[11,-21],[-22,-48],[-18,-15],[-25,16],[-15,33],[-11,-18],[-12,21],[37,43],[24,13]],[[16113,19347],[-28,-24],[-21,57],[40,10],[20,27],[9,-8],[-20,-62]],[[16217,19297],[-23,-21],[-24,41],[14,32],[28,-1],[5,-51]],[[16361,19360],[-33,-5],[20,68],[16,30],[8,-31],[-11,-62]],[[15984,19411],[-14,-8],[-16,49],[28,13],[2,-54]],[[16407,19486],[-35,-23],[-8,13],[2,16],[39,19],[2,-25]],[[15977,19298],[-17,-47],[-28,23],[39,34],[6,-10]],[[17886,21131],[-18,-39],[-25,12],[11,34],[32,-7]],[[18164,21266],[-20,-11],[-28,33],[25,18],[23,-40]],[[16056,19335],[-25,-21],[-17,22],[15,34],[27,-35]],[[17205,20612],[-4,7]],[[17201,20619],[0,0],[2,0],[1,-1],[1,-2],[2,1],[1,-2],[1,1],[0,1],[1,1],[1,-1],[0,-1],[-1,-1],[-2,-1],[-1,0],[-1,-1],[-1,0],[0,-1]],[[17442,20515],[-3,2]],[[17439,20517],[1,4],[1,0],[0,-1],[1,-3],[0,0],[0,-2],[0,0]],[[21964,16535],[-20,-46],[21,-106],[96,-166],[163,-96],[131,-73],[90,-18],[-221,-385],[-13,-23],[-18,-31],[-37,-49],[-142,-22],[-65,-82],[-89,-52]],[[21272,15490],[-11,101],[-50,29],[-29,72],[-7,99],[-41,47],[-78,142],[-70,48],[20,79],[57,6],[27,30],[1,147]],[[21091,16290],[31,192],[37,22],[41,182],[40,97],[51,53],[42,234]],[[20578,26048],[-42,-87],[16,-45],[26,-14],[104,-83],[-82,-107],[34,-73],[10,-19],[50,-108],[-32,-45],[-5,-96],[34,-28],[1,-32],[1,-18],[41,-45],[-20,-51],[-30,-15],[113,-82],[39,-60],[-33,-66],[-102,-104],[-213,-194],[-18,-20]],[[20470,24656],[-34,-20],[-72,-3],[-27,13],[-294,-100],[-46,2],[-1,32],[-46,-22],[-31,45],[-83,-19],[-19,111],[24,43],[17,80],[-26,68],[-21,125],[6,59],[182,127],[59,33],[67,81],[26,38],[-2,50],[27,3],[9,-39],[34,13],[-17,106],[-42,13],[-49,24]],[[20111,25519],[-39,75],[8,93],[-43,194],[-282,170]],[[19755,26051],[48,29],[27,11],[28,-4],[10,-7],[29,-27],[107,-65],[94,17],[97,-22],[62,52],[43,125],[164,55],[139,-77],[-25,-90]],[[19755,24582],[-40,-10],[-58,31],[8,16],[50,2],[26,-3],[14,-36]],[[19914,24533],[-21,-18],[-10,25],[-8,22],[31,4],[8,-33]],[[19810,24642],[-4,-32],[-35,5],[17,43],[22,-16]],[[35315,11764],[-51,-23],[-58,21],[-13,28],[16,54],[21,27],[54,25],[35,-52],[-4,-80]],[[35430,12031],[24,-27],[-18,-17],[-5,28],[-22,-23],[-67,-37],[-16,16],[-2,35],[105,69],[17,-15],[-16,-29]],[[35293,11595],[-13,-39],[-16,15],[-2,50],[31,-26]],[[7,11973],[-7,-21],[0,28],[5,-1],[2,-6]],[[11985,6322],[3,-12],[37,4],[20,-48],[-33,-21],[-27,-5],[-10,-37],[-20,0],[-110,-54],[6,44],[-11,40],[-47,-30],[-18,-27],[-31,8],[-9,20],[34,18],[0,41],[12,0],[17,59],[78,0],[15,-18],[-29,-42],[18,-19],[32,18],[0,22],[19,42],[54,-3]],[[11759,6267],[-39,-4],[6,37],[27,1],[6,-34]],[[33334,15858],[-7,-22],[-19,6],[-8,29],[21,21],[13,-34]],[[33733,16665],[2,-60],[-31,24],[-1,18],[30,18]],[[33003,14907],[-5,-26],[-17,24],[-25,12],[-1,20],[27,-5],[21,-25]],[[31500,16376],[7,-54],[-20,2],[-12,50],[25,2]],[[32709,15972],[-3,-62],[-25,24],[15,46],[13,-8]],[[17026,24915],[3,26],[57,7],[-11,-33],[-16,-31],[-33,31]],[[18304,22853],[8,-8],[46,-5]],[[18479,22532],[-4,-4],[-4,-10],[-13,-12],[-24,12],[-19,-11],[-8,-44],[0,0],[-39,-52],[-32,-48],[-8,-23],[7,-16],[-17,-31],[22,9],[6,26],[22,15],[35,-1],[22,-83]],[[18473,21909],[-9,-6]],[[18464,21903],[0,0],[-3,-3],[0,0],[1,-1]],[[18462,21899],[-48,-40],[-46,-53],[-78,4],[-142,46],[-13,15],[-53,-35],[-15,-10],[-17,-11],[-19,-61],[1,-25],[12,-41]],[[17555,21838],[26,29],[27,154],[11,155],[42,-14],[-43,76],[-1,87],[-62,33],[-10,20],[-12,22],[3,40],[-47,69],[-32,19],[-30,-20],[-28,44],[-15,23],[-79,5],[-4,45],[-29,39],[22,37],[77,7],[28,11],[25,11],[33,-35],[82,-7],[37,14],[-18,146],[34,15],[29,-47],[139,18],[35,2],[4,11],[6,1],[0,1],[0,0],[-62,3],[15,31],[47,23],[62,32],[26,47],[-6,39],[6,45],[42,23],[47,14]],[[12354,15114],[26,43],[30,159],[-41,136],[13,139],[29,60]],[[12411,15651],[15,15],[78,-36],[34,-39],[86,-101],[19,-92]],[[18652,21573],[-11,-43],[-25,7],[-9,36],[-16,61],[-11,43],[78,70],[-1,-154],[-5,-20]],[[23233,11261],[-7,-31],[-44,14],[-13,42],[24,29],[20,-8],[20,-46]],[[11667,17380],[-16,-31],[-12,52],[30,18],[8,26],[17,-41],[-27,-24]],[[11742,17110],[-15,-11],[-24,55],[32,4],[7,-48]],[[22197,12649],[-10,-55],[-21,21],[9,40],[22,-6]],[[11715,17347],[-22,-32],[-16,32],[17,30],[21,-30]],[[19041,15089],[2,-119],[72,-17],[30,-52],[-34,-165],[42,-147],[-6,-137],[-21,-73],[-77,-30],[-75,48],[-27,-50],[-49,-24],[-10,-35],[20,-63],[-5,-56],[-68,-90]],[[18835,14079],[-142,240],[-77,217],[-6,53],[60,176],[-5,53],[18,89]],[[18683,14907],[160,-4],[5,186]],[[11635,16686],[13,53],[21,11],[-8,-55],[-26,-9]],[[22014,21473],[-65,70],[-30,-19],[-95,14]],[[21824,21538],[11,35],[7,23],[-8,38],[-11,47],[-24,61],[-127,101]],[[21672,21843],[98,11],[143,-44],[143,-87],[112,1],[61,-43],[24,-47],[51,-33]],[[17463,22836],[25,33],[15,-1],[-9,-52],[-31,20]],[[17849,15735],[-14,-18],[-11,-33],[-19,-3],[-51,-7],[-199,-141],[-10,-8],[-11,-7],[-77,35],[-32,14]],[[17425,15567],[27,35],[-34,241],[65,248],[-17,198]],[[17717,16559],[7,-77],[38,-62],[30,-340],[-5,-221],[18,-41],[19,-47],[25,-36]],[[17205,20658],[0,-5],[-1,-1],[0,1],[-1,4],[0,0],[1,1]],[[15315,28324],[12,-9],[110,17],[255,-50],[0,-18],[-365,-62],[-516,-7],[-169,-40],[1,-17],[458,38],[166,-16],[2,-17],[-34,-26],[3,-17],[89,13],[165,61],[127,3],[32,-25],[-15,-57],[-90,-61],[3,-18],[115,28],[116,66],[230,-39],[128,52],[258,5],[166,-43],[3,-16],[-21,-24],[-404,-101],[-31,-61],[-200,-11],[1,-20],[83,2],[13,-21],[-47,-35],[-128,-9],[-25,-57],[31,-38],[-18,-61],[-140,6],[-36,-75],[21,-56],[36,-11],[31,30],[6,-38],[83,8],[14,-40],[-118,2],[-8,-22],[217,-52],[8,-53],[-25,-21],[-187,19],[-41,-20],[-28,29],[-15,-17],[10,-38],[-17,-15],[-80,54],[-14,-29],[80,-55],[66,40],[43,-10],[79,-121],[16,-43],[-8,-44],[-96,1],[-12,-31],[55,-26],[9,-41],[62,-5],[1,-38],[-228,-31],[-1,-18],[106,-40],[-12,-53],[-166,-38],[-128,38],[-46,39],[-29,-9],[-18,-29],[18,-40],[79,7],[141,-79],[-23,-110],[-197,76],[-31,70],[-16,-36],[17,-37],[30,-24],[159,-83],[38,-87],[61,7],[7,-37],[-17,-43],[19,-77],[-60,-1],[-22,38],[-19,-42],[-73,2],[-55,35],[-38,61],[-32,34],[-70,16],[3,-113],[-102,-43],[16,-30],[83,17],[102,-19],[155,-22],[1,-18],[-52,-24],[-46,-51],[-273,-133],[-270,-67],[-59,7],[-45,-34],[-110,1],[-65,39],[-1,-74],[-107,-49],[-31,-85],[-80,-90],[-123,-54],[-44,-51],[-45,15],[-26,-70],[-29,24],[-68,-17],[15,92],[-19,2],[-41,-84],[-141,-20],[-19,-91],[-114,-2],[5,-22],[42,1],[6,-35],[-7,-46],[-42,-14],[32,-53],[-17,-70],[-57,-7],[14,-55],[-97,-91],[-10,-186],[-37,-59],[-16,-80],[-42,-29],[17,-65],[-45,-25],[-11,31],[-34,6],[-10,-41],[-88,7],[-29,25],[-32,111],[-19,-35],[-21,24],[29,48],[-1,20],[-42,-15],[-11,-41],[-11,33],[-30,-32],[-27,-12],[-99,6],[-51,120],[-73,17],[-5,37],[16,28],[-18,29],[-16,-16],[10,-39],[-15,2],[-93,172],[-57,58],[-27,93],[-39,16],[-39,128],[-28,115],[-70,18],[-50,109],[0,48],[33,70],[-26,5],[-19,61],[-1,111],[16,53],[64,78],[132,-29],[35,22],[45,148],[-7,19],[-31,-18],[-39,63],[-76,17],[-164,61],[-26,35],[38,20],[268,-62],[29,22],[-1,39],[-43,50],[-52,-31],[-28,39],[-79,8],[-40,103],[-73,-63],[-126,12],[-19,46],[46,78],[-29,5],[12,42],[-30,9],[-37,69],[-23,63],[33,17],[18,-83],[49,-21],[5,15],[-87,162],[-17,82],[-76,64],[-57,5],[-127,113],[4,18],[-56,32],[-385,77],[-63,-38],[-41,31],[-115,-46],[-54,35],[-77,-2],[-39,-36],[-113,12],[-87,39],[29,56],[-153,26],[-21,18],[1,16],[231,55],[183,20],[1,17],[-31,16],[-153,-25],[-73,-8],[-252,63],[-88,59],[28,45],[385,85],[225,21],[128,64],[27,79],[-240,9],[-29,22],[12,23],[353,135],[150,-14],[47,52],[-6,57],[220,54],[413,35],[61,-41],[7,-63],[47,25],[-7,60],[24,11],[210,-86],[48,26],[-35,88],[114,1],[90,-26],[46,14],[60,-46],[256,-70],[31,58],[-11,20],[-20,-30],[-68,27],[-109,28],[-14,33],[98,14],[63,4],[-7,28],[-91,4],[-5,33],[40,2],[112,-18],[206,54],[384,-51],[71,17],[1,18],[-42,20],[0,29],[665,35],[562,-18],[72,-16],[12,-39],[160,-5],[-12,-37]],[[12582,26115],[-169,-21],[-5,34],[-69,16],[-4,76],[10,15],[39,20],[65,-9],[53,-26],[80,-41],[24,-6],[10,-10],[-7,-28],[-27,-20]],[[15902,27084],[22,-8],[39,3],[-4,-47],[-20,-6],[-63,4],[1,35],[25,19]],[[15913,27197],[-11,-9],[-51,75],[1,35],[24,-11],[37,-90]],[[15886,28143],[-29,-3],[-41,36],[23,17],[49,-31],[-2,-19]],[[12140,26836],[-15,-6],[-6,29],[9,35],[35,-1],[-23,-57]],[[15887,27539],[6,-35],[-61,2],[-4,33],[43,-18],[16,18]],[[15999,27459],[-43,-11],[-6,11],[24,32],[30,-6],[-5,-26]],[[12470,26379],[-22,-9],[-28,25],[30,28],[20,-44]],[[15999,27686],[-49,-18],[4,26],[26,20],[19,-28]],[[16018,28097],[-23,-1],[-30,22],[7,14],[44,-14],[2,-21]],[[16030,27032],[-33,-19],[-9,18],[5,22],[28,1],[9,-22]],[[12109,26931],[-22,-14],[-14,20],[36,41],[0,-47]],[[15889,26968],[-23,-37],[-23,23],[15,26],[31,-12]],[[15563,26466],[-29,-12],[-11,37],[21,16],[19,-41]],[[15927,27627],[-1,-42],[-29,10],[-7,16],[4,12],[33,4]],[[13801,28405],[-12,-33],[-38,20],[10,19],[40,-6]],[[16081,16874],[-6,45],[26,41],[4,0]],[[16105,16960],[36,1],[105,32],[110,-45],[12,-29],[-26,-8],[-10,-10],[-18,3],[-17,15],[-54,38],[-20,-31],[-49,-7],[-5,-25],[-28,-3],[-60,-17]],[[16610,16768],[7,-45],[65,-28],[153,64],[53,-164],[0,-48],[57,-146]],[[16945,16401],[-14,-93],[24,-55],[-3,-68],[20,-55],[-44,-12],[-5,-38],[16,-18],[-13,-70],[-29,-21]],[[16897,15971],[-69,-33],[-42,167],[-68,19]],[[16718,16124],[-30,-15],[7,50],[-20,107],[-57,104],[-112,-26],[-57,-113],[-28,-16]],[[16421,16215],[-18,87],[-90,111],[-50,138]],[[16263,16551],[23,56],[86,55],[9,149]],[[16381,16811],[44,-5],[81,-50],[104,12]],[[18683,14907],[-26,28],[37,109],[5,74]],[[18613,15331],[-27,-75],[-28,26],[17,20],[12,53],[21,-1],[5,-23]],[[18299,14498],[-2,-28],[-21,2],[-2,50],[9,13],[16,-37]],[[14170,5821],[10,-31],[19,3],[-1,-39],[-37,-4],[-21,46],[-37,12],[-38,41],[29,25],[24,-36],[52,-17]],[[13645,5933],[-9,-16],[-40,27],[21,25],[28,-36]],[[14049,5859],[-25,-17],[-19,20],[38,32],[6,-35]],[[8973,17339],[68,-30]],[[9041,17309],[-84,-106],[-28,-107]],[[8929,17096],[-8,-12],[-22,-32],[-35,-51],[-11,-16]],[[8853,16985],[-1,1],[-64,21],[-25,8],[-117,100]],[[8646,17115],[11,125],[31,90],[129,59],[-66,143],[20,99],[93,18],[35,1],[22,1],[29,1]],[[31969,16940],[25,13],[7,28],[15,-12],[-37,-81],[-10,52]],[[16263,16551],[-5,-15],[-31,33],[-1,67],[-34,14],[-31,-37],[-7,45],[-69,97]],[[16085,16755],[158,53],[138,3]],[[16174,16548],[-26,-16],[-13,12],[0,28],[27,1],[12,-25]],[[16192,16493],[-17,-16],[-14,41],[39,15],[-8,-40]],[[12103,15690],[-14,-99],[-8,-30],[-49,-36],[-16,-125],[23,-70],[46,-53],[29,-118],[54,-107]],[[11749,15585],[-53,109],[6,90],[76,95],[-18,91],[61,98],[0,64]],[[11821,16132],[95,-99],[68,-162],[103,-121],[16,-60]],[[28984,18430],[2,-50],[-32,-12],[-5,22],[16,31]],[[24954,6024],[10,25],[29,-5],[0,-23],[-26,-16],[-13,19]],[[9541,17191],[-124,-59],[-50,19],[-41,-92],[-135,-73],[-7,-70],[-54,-55]],[[9130,16861],[-20,48],[-28,20]],[[9082,16929],[-6,69],[-67,24],[-80,74]],[[9041,17309],[46,27],[96,-19],[83,36],[102,-5],[57,-26],[44,-80],[41,-7],[31,-44]],[[9250,17404],[-22,-7],[-7,41],[24,20],[5,-54]],[[19592,22259],[14,-71],[-3,-9],[7,-15],[35,-29],[-29,-8],[-11,-43]],[[19547,21707],[9,-22]],[[19556,21685],[-58,44],[-28,33],[-7,8],[-22,24],[-41,41],[-91,27],[-47,59],[-21,14],[0,-5],[0,-1],[0,-5],[0,-1],[0,-1],[0,-3],[0,-5],[0,-4],[-10,13],[-18,43],[23,38],[-32,30],[-5,23],[-2,56],[-35,-17],[-29,37],[-38,-43],[-30,74],[11,18]],[[19076,22182],[45,5],[1,0],[27,3],[17,28],[65,-40],[10,55],[8,5],[29,30],[-7,18],[16,28],[8,4],[42,16],[-6,18],[35,-2]],[[19366,22350],[25,-21],[3,-5],[41,-54],[14,-6],[21,-17],[26,-9],[89,20],[7,1]],[[19296,21775],[-22,-10],[-20,14],[9,10],[32,16],[15,-8],[-14,-22]],[[19369,21664],[-29,-3],[-21,20],[14,16],[25,-4],[11,-29]],[[19438,21775],[-5,-18],[-29,1],[-6,15],[11,21],[18,1],[11,-20]],[[10663,17688],[-41,32],[-170,-15],[-53,52],[19,33],[134,-33],[47,22],[-43,148],[-53,34],[13,29],[44,10],[103,-38]],[[10559,17820],[6,-19],[-28,4],[-31,32],[12,9],[41,-26]],[[19914,22666],[73,-74]],[[19987,22592],[-71,-58],[-5,0],[-46,-95],[-22,-60],[-29,-52],[-36,-10],[-7,-19],[-44,-5]],[[19727,22293],[-12,1],[-27,2],[-16,7],[-39,-33],[-41,-11]],[[19366,22350],[-22,40],[-26,24]],[[19422,22601],[8,1],[45,-42],[19,-3],[94,13],[-9,16],[17,23],[8,3],[102,15],[41,49],[93,14],[70,-28],[4,4]],[[17114,23600],[5,-77],[13,-25],[-2,-44],[-4,-78],[-34,-85],[-133,-43],[-175,-73],[-60,42],[7,79],[77,55],[-3,63],[39,28],[-85,32],[-28,39],[11,34],[-13,38],[26,41],[77,-17],[72,52],[-24,34],[38,73],[93,30],[5,-40]],[[17016,23758],[-39,-48],[8,-22],[-26,-50],[40,-25],[24,25],[32,-1],[22,-25],[4,-22],[33,10]],[[21234,20041],[-33,21],[-21,-34],[7,-93],[-13,-52],[52,11]],[[21177,19575],[-7,-8]],[[21107,19850],[23,44],[-1,17]],[[21129,19911],[10,24],[11,33],[13,60],[26,129]],[[21189,20157],[51,24]],[[21240,20181],[5,-90]],[[17261,23594],[5,22],[17,25],[16,7],[5,-17],[-21,-32],[-22,-5]],[[25461,20017],[10,-30],[19,-20]],[[25502,19858],[25,-44],[28,10]],[[25607,19793],[26,-48]],[[25714,19683],[-61,-82],[-22,-129],[11,-32],[273,-206],[115,-5],[96,-103],[181,-60],[34,-9],[65,16],[10,61],[-12,58],[9,111]],[[26804,19135],[58,8],[55,7],[40,5],[59,91],[147,118],[55,-11],[74,-73]],[[27292,19280],[-16,-75],[-70,-16],[-97,-104],[-95,-405],[-20,-26],[-64,-4],[-26,-251],[-51,-65]],[[26504,18326],[-3,-6],[-40,-33],[-80,4],[-47,-40],[-91,-225],[-148,-151],[-226,-318],[-60,-122],[-164,-160],[-17,-87],[9,-282],[-39,-238],[-11,-209],[-97,-217],[-79,-125],[-45,-26],[-100,150],[-301,1165],[-63,513],[1,223],[-27,181],[-17,8],[-24,-80],[-47,-69],[-67,-35],[-56,28],[-109,199],[71,63],[16,40],[-67,6],[-77,71],[-3,50],[54,53],[-28,50]],[[24522,18707],[113,-4]],[[24635,18703],[-12,-56],[16,-38],[19,38],[59,15],[-5,45]],[[24712,18707],[15,83],[-30,113],[-51,80],[-11,93],[-50,74],[75,157],[57,-21],[100,48],[243,458],[25,154],[67,85]],[[25152,20031],[123,136],[72,-49],[44,11],[63,-66]],[[26870,16668],[-12,-29],[-11,29],[27,223],[13,71],[14,-23],[-15,-74],[4,-76],[-4,-57],[-18,-28],[2,-36]],[[26986,15884],[-14,-35],[-17,52],[21,22],[10,-39]],[[24947,16081],[-14,-31],[-28,31],[33,25],[9,-25]],[[26894,16188],[-18,-46],[-13,14],[19,67],[12,-35]],[[24523,18664],[-23,-29],[-19,18],[21,39],[21,-28]],[[26854,16486],[-8,-33],[-16,5],[0,43],[15,22],[9,-37]],[[24848,13552],[15,17],[16,-24],[0,-34],[-16,-20],[0,40],[-15,21]],[[22507,19646],[-52,4]],[[22455,19650],[-73,2],[-65,-150]],[[22317,19502],[-13,-6],[-31,4],[-49,7],[-93,20],[-247,296],[-164,138],[-127,42]],[[21552,20203],[219,177],[34,194],[-2,122],[100,119]],[[21903,20815],[51,42],[55,-15],[69,1],[19,-39],[47,22]],[[34747,8065],[45,-88],[76,45],[18,-140],[-130,-232],[14,-93],[-112,-47],[-48,-46],[-23,-65],[-55,-175],[-87,-111],[-71,-27],[-57,11],[-85,66],[-80,1],[-25,53],[40,96],[61,86],[69,93],[266,229],[151,342],[33,2]],[[34991,8679],[21,-44],[10,9],[-10,72],[6,15],[35,-52],[31,-110],[110,-62],[62,65],[41,3],[17,-24],[-16,-100],[-49,-110],[-82,-45],[-8,-120],[-84,-181],[-73,-76],[-60,41],[42,109],[3,74],[-136,147],[12,30],[61,43],[6,25],[21,155],[-47,216],[-29,21],[-69,133],[-21,58],[10,47],[67,-27],[55,-78],[2,-65],[10,-25],[24,-106],[38,-38]],[[34300,7021],[-56,-34],[-8,18],[21,44],[-4,30],[14,5],[30,-31],[3,-32]],[[34115,6401],[-18,-19],[-24,25],[26,44],[16,-50]],[[34787,9035],[-13,-9],[-29,54],[28,18],[-2,-22],[16,-41]],[[359,7510],[-24,-21],[-19,35],[43,11],[0,-25]],[[35364,6596],[-23,-33],[-22,26],[36,29],[9,-22]],[[152,9751],[3,-57],[-30,20],[3,31],[24,6]],[[331,7593],[0,-22],[-32,6],[-5,20],[24,22],[13,-26]],[[23284,18827],[50,-128],[38,-44],[139,-65],[62,-125],[41,-44],[3,-56],[-33,-94],[-90,-181],[-39,0],[-23,-40],[-16,-82],[2,-122],[-89,-43],[-49,-126],[-85,-28],[-47,-121],[-90,-13],[-95,-52]],[[22963,17463],[-110,384]],[[22853,17847],[291,165],[58,261],[8,44],[5,22],[-46,116]],[[23256,19003],[27,13],[-9,-83]],[[23521,18047],[-22,-3],[33,79],[14,-21],[-19,-16],[-6,-39]],[[10058,15917],[-45,111],[-1,76],[-89,97],[-104,-112],[19,-120],[-47,-42],[-136,145],[-72,17],[-18,-38]],[[9598,16302],[44,-48],[-4,-45],[85,-34],[168,128],[65,-7],[80,-42],[74,-100]],[[9971,16112],[-12,-48],[-20,32],[20,42],[12,-26]],[[9692,15962],[-17,-29],[-17,32],[22,36],[12,-39]],[[10799,11725],[-88,102],[-23,70],[-355,311],[-111,196],[-1,134],[-85,214],[-15,80],[-34,50],[-136,495],[-97,241],[-105,127],[10,82],[-21,62],[-9,125],[95,158]],[[31622,13237],[0,88],[0,57],[-12,260],[11,186],[0,449],[0,29]],[[31621,14306],[347,-211],[107,-133],[27,-119],[173,-129],[8,-66],[-69,-40],[15,-72],[92,-133],[46,-136],[61,-24],[24,-71],[44,-25],[2,-48],[59,-41],[10,-49],[-32,-26],[-66,52],[-170,50],[-84,105],[-84,189],[-145,91],[-68,-19],[-57,-73],[-10,-112],[-54,-46],[-175,17]],[[32653,13828],[-29,-67],[-123,-61],[-95,29],[-56,91],[54,18],[24,-19],[70,16],[19,-7],[36,14],[24,-14],[90,108],[-4,104],[58,14],[17,-94],[-34,-54],[7,-54],[-13,-24],[-45,0]],[[33090,13630],[-21,-26],[-45,47],[-57,171],[36,0],[43,-94],[44,-62],[0,-36]],[[32769,14104],[35,-51],[1,-71],[-15,-34],[-18,37],[-4,68],[-9,37],[-12,-1],[-14,35],[20,32],[16,-52]],[[32529,13220],[33,-22],[15,15],[17,-46],[-7,-19],[-57,34],[-10,28],[9,10]],[[32712,14200],[12,-34],[-27,2],[-64,84],[11,9],[41,-51],[27,-10]],[[32231,14372],[-23,-2],[-35,18],[-5,13],[8,9],[71,-1],[-16,-37]],[[32562,14296],[-39,-3],[-15,35],[18,19],[32,-22],[4,-29]],[[32121,13951],[-18,-9],[-8,25],[18,39],[12,-17],[-4,-38]],[[32885,13213],[-20,-37],[-8,27],[2,33],[23,2],[3,-25]],[[32873,12846],[-3,-23],[-35,15],[-5,21],[11,12],[32,-25]],[[32490,14474],[-21,-8],[-18,36],[12,28],[27,-56]],[[32322,13804],[-20,-24],[-22,55],[22,0],[20,-31]],[[32781,14217],[-21,-21],[-19,34],[34,19],[6,-32]],[[32810,13231],[-24,-23],[-19,29],[12,27],[31,-33]],[[32639,13103],[-10,-43],[-33,14],[-2,18],[45,11]],[[32608,14272],[-37,-4],[17,51],[23,-26],[-3,-21]],[[32921,12852],[-22,-3],[-13,18],[10,28],[25,-12],[0,-31]],[[32971,13847],[-14,-3],[-8,36],[12,41],[12,-42],[-2,-32]],[[32239,13841],[-15,-9],[-20,40],[15,18],[16,-14],[4,-35]],[[32537,13892],[-31,-14],[-11,26],[28,26],[14,-38]],[[31622,13237],[-134,148],[-161,-1],[5,71],[45,122],[-62,265],[-56,69],[-187,92],[-138,103],[-103,5],[-53,144],[75,86],[-77,40],[-51,99],[-74,22],[-40,69],[34,18],[140,75],[123,-49],[9,-26],[31,-86],[18,-153],[75,-139],[269,261],[311,-166]],[[28532,15073],[7,-78],[77,-114],[127,15],[38,49],[38,45],[107,-48],[88,36],[28,71],[-1,47],[32,42],[0,58],[34,46],[35,199],[122,9],[67,-34],[14,0]],[[29345,15416],[-35,-107],[1,-56],[49,-228],[72,-127],[-99,-56],[-19,-68],[-7,-27],[-6,-144],[-9,-14],[-86,-145],[2,-83],[0,-26],[-30,-213],[-137,-52],[-46,88],[-118,64],[-102,-48],[-48,57],[-114,19],[-28,111],[-21,83],[-1,63],[-53,63],[-3,19],[-35,185],[-15,82],[15,106],[60,111]],[[28170,14221],[-30,-431],[-94,26],[-32,-19],[-200,282],[-130,249],[-9,33],[-25,83],[-41,145],[-110,215],[-46,201],[-81,104],[-91,202],[-136,197],[-22,72],[8,43],[208,-58],[86,-161],[124,-147],[79,-134],[107,-59],[110,-146],[79,-47],[23,-122],[-11,-124],[26,-36],[46,-42],[33,-103],[26,-74],[12,-9],[53,-45],[38,-95]],[[30042,14917],[-72,-115],[-62,-18],[-289,29],[-46,-39],[-9,-29],[5,-134],[15,-22],[53,-76],[69,65],[29,11],[110,43],[36,-18],[-3,-25],[-56,-34],[-101,-164],[71,-259],[63,-84],[-9,-187],[-25,-32],[-23,24],[-8,65],[20,62],[-71,-25],[-22,17],[-89,305],[-46,-72],[-2,-339],[-51,-47],[-22,26],[-4,257],[-53,85],[-11,59],[70,343],[17,50],[4,106],[8,29],[20,61],[53,41],[34,66],[275,-66],[125,140],[15,-23],[-18,-76]],[[28276,13762],[128,-65],[35,-75],[115,-21],[28,6],[32,-9],[19,63],[24,15],[29,-34],[137,-44],[12,-19],[28,26],[89,3],[7,-20],[-39,-36],[-72,-5],[-6,-44],[46,-40],[84,13],[51,-74],[83,-9],[17,-39],[-17,-23],[-31,-18],[-68,68],[-9,0],[10,-77],[-125,66],[-57,-18],[-151,29],[-47,14],[-74,54],[-162,8],[-116,55],[-54,14],[-5,61],[-89,37],[41,128],[90,-16],[17,26]],[[29364,13400],[23,-34],[17,13],[46,-16],[20,-52],[-36,-29],[-60,2],[-118,-38],[-21,19],[-9,58],[-23,-42],[-35,-4],[-5,72],[32,38],[17,-8],[25,-34],[71,9],[58,-37],[4,16],[-42,46],[16,28],[20,-7]],[[30492,14274],[92,-45],[33,-70],[0,-45],[-100,73],[-65,-5],[-27,16],[-35,-24],[-37,43],[-9,-27],[-14,15],[29,55],[84,14],[9,-25],[23,25],[17,0]],[[30052,13185],[-64,-107],[-63,-37],[-31,8],[26,108],[30,45]],[[29950,13202],[31,-9],[12,37]],[[29993,13230],[46,35]],[[30039,13265],[18,-18],[-5,-62]],[[29613,13380],[83,-54],[83,-4],[29,15],[-4,-28],[-154,-45],[-43,24],[-65,-2],[-20,31],[-28,-1],[-1,24],[35,-1],[65,41],[20,0]],[[30353,14635],[-6,-15],[-40,125],[-1,29],[-2,80],[70,114],[31,16],[3,-53],[-29,-72],[14,-54],[-48,-7],[-4,-24],[-5,-29],[17,-110]],[[29616,13059],[-39,-8],[-54,71],[-74,41],[18,29],[43,8],[40,0],[26,-37],[49,-62],[-9,-42]],[[28209,14361],[21,-106],[-52,28],[-31,78],[-41,47],[9,36],[19,35],[36,-11],[6,-24],[33,-83]],[[31009,13662],[-63,-44],[-2,93],[10,89],[27,48],[16,-10],[12,-44],[-6,-41],[6,-91]],[[30265,14164],[-41,-54],[-46,17],[-32,60],[7,29],[25,10],[51,-2],[36,-60]],[[30330,14925],[-34,-45],[-13,27],[-1,18],[14,91],[37,60],[10,-73],[-13,-78]],[[30653,14714],[6,-39],[-74,-28],[0,31],[-24,6],[0,30],[28,9],[18,-9],[16,23],[30,-23]],[[30699,13565],[-3,-83],[-33,-67],[-18,-5],[-2,54],[9,6],[9,65],[9,-5],[8,37],[21,-2]],[[28396,14275],[-15,-62],[-49,10],[-2,52],[7,32],[14,8],[45,-40]],[[27512,14448],[-21,-5],[-30,38],[-12,83],[24,8],[39,-124]],[[27373,14892],[-10,-60],[-49,98],[-6,27],[14,20],[30,-47],[21,-38]],[[30300,14632],[29,-28],[-15,-15],[-1,0],[-10,21],[-17,-11],[2,29],[-15,-5],[-21,39],[0,23],[41,-4],[16,-26],[-9,-23]],[[30057,14422],[-66,-15],[-15,37],[31,18],[54,-11],[9,-7],[-13,-22]],[[28048,14713],[-24,-74],[-19,10],[19,62],[-15,49],[11,47],[28,-94]],[[31169,14551],[-9,-29],[-45,15],[-9,52],[-7,15],[14,11],[19,-26],[18,-31],[19,-7]],[[28038,14921],[3,-43],[-26,16],[-22,-16],[-37,-7],[-6,9],[15,33],[73,8]],[[30348,14459],[-48,-9],[-16,10],[-3,31],[23,23],[32,-23],[12,-32]],[[30211,13471],[-22,-37],[-11,1],[-50,11],[10,25],[40,4],[22,16],[11,-20]],[[30583,14408],[-28,-16],[-37,29],[23,29],[29,10],[13,-52]],[[28399,15335],[-16,-6],[-22,44],[30,51],[17,-42],[-9,-47]],[[30396,15086],[-21,-15],[-13,32],[13,40],[22,22],[10,-22],[-11,-57]],[[30233,15392],[-13,-17],[-22,7],[17,40],[-7,22],[7,42],[14,-12],[8,-45],[-4,-37]],[[29896,14525],[2,-33],[-44,13],[-18,-38],[-11,25],[34,51],[37,-18]],[[27234,15133],[-22,-16],[-15,36],[-35,17],[-4,26],[39,-9],[37,-54]],[[29920,13364],[-33,-30],[-34,23],[3,23],[62,0],[2,-16]],[[30058,13379],[-62,-29],[-16,20],[32,25],[33,3],[13,-19]],[[27633,14217],[-3,-30],[-15,8],[-15,68],[-19,19],[15,21],[37,-86]],[[31197,14433],[-32,-21],[-36,41],[17,10],[48,-14],[3,-16]],[[28335,14888],[-23,-18],[-14,32],[10,20],[27,-17],[0,-17]],[[30527,13452],[-10,-47],[-27,36],[16,24],[21,-13]],[[29426,15115],[4,-43],[-26,9],[1,62],[21,-28]],[[30318,13878],[16,-46],[-35,0],[-2,35],[21,11]],[[27440,14679],[-3,-49],[-23,13],[14,66],[12,-30]],[[30504,13657],[-13,-63],[-19,19],[3,33],[29,11]],[[29619,13735],[-23,-25],[-11,34],[24,32],[10,-41]],[[28223,15255],[-9,-32],[-26,57],[19,15],[16,-40]],[[30820,13764],[-8,-9],[-17,28],[11,53],[8,-12],[6,-60]],[[29941,14388],[-30,-18],[1,42],[23,18],[6,-42]],[[30379,14169],[2,-46],[-38,15],[19,34],[17,-3]],[[27826,13859],[-5,-40],[-22,2],[-11,39],[38,-1]],[[29879,12971],[-39,-26],[-8,7],[6,22],[38,20],[3,-23]],[[30148,14445],[-2,-49],[-40,37],[5,9],[37,3]],[[30399,14539],[-6,-13],[-31,20],[-6,33],[12,4],[31,-44]],[[27562,14349],[-19,-4],[-15,37],[16,30],[18,-63]],[[30208,15625],[-13,-22],[-9,24],[8,41],[18,12],[-4,-55]],[[30224,13624],[-26,0],[-11,31],[34,14],[3,-45]],[[29975,13344],[-31,-29],[-3,38],[21,26],[13,-35]],[[29911,14443],[-13,0],[-17,20],[17,27],[23,-14],[-10,-33]],[[29756,13008],[-27,-29],[-10,21],[13,29],[24,1],[0,-22]],[[30548,14010],[2,-73],[-13,10],[-10,38],[11,30],[10,-5]],[[30531,14530],[-13,-20],[-26,2],[0,22],[29,22],[10,-26]],[[29755,13886],[-1,-47],[-31,17],[10,36],[22,-6]],[[31034,14584],[-8,-41],[-19,1],[-6,26],[14,19],[13,0],[6,-5]],[[29765,14685],[-3,-23],[-19,13],[14,23],[8,-13]],[[30112,15304],[-16,-13],[-5,13],[5,19],[16,-19]],[[29744,14666],[-7,-22],[-11,18],[12,19],[6,-15]],[[30099,15335],[-3,-11],[-10,3],[-4,10],[2,10],[11,-1],[4,-11]],[[16354,25480],[22,-55],[-20,-62],[-102,-93],[-319,-132],[-187,10],[-181,55],[-15,25],[36,47],[38,9],[-72,9],[-86,60],[42,106],[-107,4],[-32,35],[124,98],[79,-24],[91,-100],[87,69],[258,18],[144,60],[114,-58],[86,-81]],[[27259,12745],[4,31],[14,-6],[13,-44],[-25,-9],[-6,28]],[[11105,22139],[-49,86],[-2,54],[-3,163],[-55,51],[-51,-24],[-11,25],[-27,5],[-52,-86],[-56,-174],[-50,-71],[-89,-59],[-315,-11],[-101,-113],[-85,-95],[-186,-14],[-30,-23],[1,-18],[1,-75],[-20,-25],[-342,-154],[-24,51],[65,203],[12,54],[-15,96],[-29,179],[-242,267],[-292,197],[-137,-31],[-22,6],[-35,8],[-76,18],[-25,-4],[-51,-6],[-134,74],[-133,20],[-79,90],[-74,-39],[-2658,3]],[[5634,22767],[-29,0],[-36,62],[-117,61],[11,-47],[105,-119],[-14,-51],[-51,3],[-108,58],[-259,230],[-34,74],[46,51],[-8,68],[-58,133],[-84,80],[-23,76],[-90,67],[-12,202]],[[4873,23715],[10,10],[1,0],[17,0],[9,0],[5,0],[3,0],[0,1],[1,2],[1,2],[0,1],[1,2],[1,3],[-1,3],[-1,3],[-1,2],[-2,1],[-2,0],[0,0],[-1,1],[-2,4],[0,5],[-2,2],[-1,2],[0,1],[1,2],[2,4],[1,5],[2,3],[2,4],[5,6],[3,4],[5,5],[1,1],[-1,1],[-1,1],[-1,3],[-2,2],[-1,1],[0,4],[-1,4],[0,4],[0,2],[-1,2],[0,4],[-4,6],[-1,2],[0,3],[-1,1],[-1,4],[-1,1],[0,3],[0,6],[1,2],[0,2],[0,4],[1,3],[-2,2],[-1,1],[-1,2],[-1,5],[0,4],[2,3],[1,1],[3,4],[4,7],[1,2],[1,1],[1,1],[1,5],[0,1],[-1,0],[0,0],[-1,-1]],[[4924,23897],[-172,121],[-170,298],[-104,106],[-48,64],[-46,45],[-63,-25],[-11,-20],[-32,-51],[-46,-20],[-38,-18],[-66,89],[-99,93],[-6,42],[-73,-18],[-92,11],[-16,37],[0,652],[0,44],[0,568],[1,227]],[[3843,26142],[159,-12],[139,-65],[133,-26],[162,84],[180,-3],[274,94],[69,-48],[45,-1],[137,87],[200,-128],[104,63],[78,-65],[118,39],[120,-1],[394,-116],[253,-43],[51,-45],[-9,-70],[42,-31],[223,-20],[236,32],[75,-53],[48,42],[-21,61],[11,33],[186,64],[79,-21],[160,-111],[154,-28],[321,7],[64,108],[-23,100],[119,89],[107,-37],[51,-58],[-51,-128],[73,-133],[40,61],[84,61],[43,78],[-25,96],[-126,28],[-73,131],[1,112],[59,80],[28,80],[-1,247],[214,102],[204,-25],[41,-33],[-133,-149],[-141,-32],[-52,-129],[90,-83],[97,-138],[21,-133],[189,-88],[155,-49],[30,-55],[19,-127],[87,-47],[56,96],[108,110],[25,131],[35,48],[-162,74],[-172,28],[-50,39],[-19,86],[-83,73],[-5,87],[19,53],[156,170],[121,36],[97,-14],[7,-28],[-44,-79],[-16,-87],[26,-80],[48,-35],[21,161],[91,96],[146,43],[116,-12],[93,-85],[58,-100],[41,-12],[95,15],[23,26],[-131,69],[-37,42],[-3,38],[223,10],[118,-55],[77,-94],[125,-79],[44,-89],[242,-27],[143,-102],[146,-40],[103,-65],[37,-43],[12,-71],[-37,-95],[8,-33],[176,-107],[125,-39],[154,-117],[104,-38],[26,-41],[-202,-228],[-83,20],[-147,115],[-73,-16],[-10,-51],[20,-65],[127,-112],[97,-149],[-50,-153],[-227,63],[10,-39],[92,-96],[8,-53],[-407,115],[-165,147],[-198,109],[-243,6],[-111,51],[-2,60],[49,52],[172,11],[106,47],[50,124],[112,182],[-68,121],[-29,7],[-60,-44],[-82,109],[-101,42],[-60,110],[-109,85],[-72,21],[-116,-84],[-96,29],[-120,-40],[44,-121],[-31,-112],[24,-141],[-32,-71],[-159,-78],[-45,-71],[-118,54],[-62,-3],[-219,-331],[-191,-72],[-62,-60],[-39,-77],[-99,-56],[-59,-73],[-17,-65],[-103,-71],[-65,-145],[-23,-122],[19,-139],[134,-69],[80,-218],[133,-2],[101,-33],[107,-38],[168,-126],[176,-90],[267,-76],[72,-297],[85,-3],[40,-61],[-104,29],[-2,-34],[118,-177],[86,-42],[65,40],[26,86],[-53,407],[151,117],[108,163],[-43,224],[-114,166],[62,183],[-32,226],[1,117],[25,59],[75,20],[148,-30],[184,6],[137,-76],[104,-97],[126,-51],[32,-61],[26,-178],[153,-144],[111,19],[131,178],[89,32],[237,-360],[147,-324],[98,-104],[172,-87],[59,-98],[94,-94],[28,-163],[-93,-145],[-146,-75],[-176,-135],[-601,-35],[-206,-168],[-68,-135],[231,122],[145,15],[39,-20],[17,-63],[-74,-115],[40,-54],[35,-119],[20,-22],[34,37],[64,-73],[111,-10],[-17,-59],[-24,-12],[-160,90],[22,-57],[62,-43],[136,-18],[135,120],[33,-50],[-10,-43],[-97,-127],[-389,-248],[-40,23],[-7,63],[88,183],[-223,-23]],[[11364,28309],[178,-97],[-69,-58],[-224,-46],[-57,-71],[-474,-215],[-560,-86],[-9,-22],[24,-22],[130,-11],[15,-51],[-76,-97],[-194,-55],[-71,-91],[19,-83],[-138,-59],[-211,26],[-329,-23],[-339,34],[-17,17],[8,23],[108,64],[41,86],[73,6],[128,-39],[18,48],[-153,77],[-59,58],[-152,-54],[-110,-6],[-101,-4],[-123,11],[-115,80],[50,65],[-3,27],[-217,0],[-87,94],[45,123],[190,91],[134,-6],[126,-60],[101,-44],[117,-50],[102,-5],[94,-62],[130,65],[316,-51],[99,92],[-396,10],[-110,57],[-144,-24],[-132,34],[-76,75],[-38,40],[38,25],[277,33],[170,59],[222,-6],[194,70],[562,50],[1075,-42]],[[7366,26645],[87,-201],[0,-71],[49,-44],[198,-67],[73,-22],[17,-28],[0,-21],[-22,-33],[25,-36],[-21,-23],[-22,23],[1,36],[-51,-1],[-47,20],[-42,-44],[3,-16],[44,2],[50,-39],[-8,-16],[-94,-49],[-191,8],[-143,47],[-46,40],[-82,-65],[-162,-50],[-346,-37],[-58,9],[-66,107],[-211,22],[-97,52],[-28,51],[82,35],[191,22],[187,-8],[22,2],[10,30],[-160,41],[-317,-26],[-83,62],[1,16],[108,48],[-1,17],[-109,-5],[-90,69],[67,70],[-9,48],[108,65],[280,65],[37,-40],[-21,-76],[71,18],[37,38],[49,-3],[128,-35],[14,-20],[0,-31],[77,39],[11,48],[47,-3],[121,-58],[16,-67],[53,-73],[43,30],[-54,134],[-4,85],[149,5],[-15,42],[14,22],[119,12],[75,-42],[-64,-130]],[[5782,26949],[234,-74],[76,30],[98,-17],[18,-9],[137,-90],[-1,-17],[-311,-119],[-64,-65],[-55,-17],[-41,-45],[-22,-72],[-131,-23],[-13,-14],[-47,-16],[-26,-18],[-42,7],[-27,37],[-74,63],[-138,37],[-7,15],[7,33],[13,4],[40,61],[15,5],[51,112],[55,60],[-69,83],[3,16],[173,20],[148,13]],[[8389,27348],[398,-68],[77,11],[23,-48],[-23,-41],[0,-15],[35,-29],[22,-17],[52,-41],[26,26],[219,-36],[237,64],[138,0],[268,-42],[26,-23],[18,-66],[-114,-66],[-194,-7],[-63,32],[-154,-39],[-459,20],[-22,2],[-35,5],[-180,47],[-102,184],[-210,41],[-59,66],[76,40]],[[12158,22933],[6,-14],[34,21],[67,-95],[64,2],[51,38],[73,-79],[-13,-48],[10,-55],[40,-22],[-40,-111],[6,-13],[29,16],[51,-42],[-37,-135],[-93,22],[3,72],[-14,21],[-37,-3],[-97,-85],[-18,18],[42,52],[5,37],[-80,22],[-275,-17],[-45,25],[62,107],[146,398],[73,97],[54,26],[38,-16],[-105,-239]],[[7061,27193],[93,-20],[101,22],[79,-26],[11,-37],[-42,-68],[-24,-30],[-234,-20],[-44,13],[-245,-73],[-120,-19],[-58,-4],[-77,30],[1,18],[188,51],[0,18],[-54,8],[-103,-18],[-32,58],[-37,-49],[-61,-23],[-231,38],[-5,11],[75,122],[93,57],[133,13],[54,-38],[114,-8],[153,-104],[201,-2],[4,18],[-52,33],[-6,50],[-51,34],[70,62],[55,11],[55,-84],[-4,-44]],[[8089,26709],[86,-49],[-4,48],[22,17],[42,-121],[-47,-101],[-176,-83],[-312,182],[-79,55],[18,36],[61,3],[58,-42],[83,19],[-14,55],[-77,45],[54,57],[297,44],[7,-30],[61,-36],[-14,-42],[-58,-30],[-8,-27]],[[9340,25475],[24,-37],[50,9],[215,-117],[40,-26],[32,-65],[68,-13],[32,-44],[-63,-46],[-217,99],[-145,-137],[-54,-17],[-40,82],[-96,7],[-5,9],[42,59],[7,92],[38,172],[97,53],[30,-55],[-55,-25]],[[8086,27269],[49,-158],[-38,-8],[-9,-57],[-14,-14],[-156,-11],[-63,12],[-22,87],[-195,-12],[-24,43],[-104,20],[-60,41],[-8,66],[52,14],[192,-109],[19,72],[115,-32],[5,14],[-20,46],[4,14],[277,-28]],[[6307,27341],[-15,-48],[-90,-18],[5,-26],[-16,-13],[-60,6],[-21,29],[1,33],[-18,11],[-40,-44],[-9,-21],[-42,-38],[-46,24],[-2,-51],[-38,-21],[-46,4],[-22,22],[-38,-49],[-12,40],[-144,10],[-8,32],[27,30],[100,18],[28,37],[115,48],[89,50],[186,5],[69,31],[69,-31],[0,-17],[-42,-21],[20,-32]],[[7591,27721],[36,-61],[105,30],[178,-77],[0,-47],[62,-33],[-16,-40],[-46,-7],[-77,9],[-37,38],[-73,25],[-96,-3],[-64,18],[-81,-18],[-65,16],[-18,20],[22,20],[61,-10],[48,13],[-14,34],[-34,0],[0,24],[-70,-13],[-19,27],[-55,-3],[-13,21],[13,17],[144,22],[109,-22]],[[8383,27533],[-21,-22],[-30,0],[-141,-30],[-36,27],[-3,31],[-72,18],[-31,69],[32,24],[107,-20],[144,-33],[33,-12],[18,-52]],[[10261,25756],[-92,-7],[-39,27],[-10,57],[10,27],[42,53],[34,15],[79,0],[49,-21],[5,-94],[-78,-57]],[[8521,26989],[-48,-22],[-223,50],[-13,13],[11,34],[58,46],[91,15],[117,-61],[7,-75]],[[6858,27435],[-171,-24],[-105,39],[-5,42],[58,17],[259,14],[-36,-88]],[[4769,23411],[-51,-33],[-12,18],[-25,78],[-44,36],[-19,56],[3,56],[18,-12],[113,-25],[-17,-75],[3,-43],[31,-56]],[[9553,24929],[-70,-10],[-15,49],[42,65],[128,21],[25,-14],[-12,-36],[-98,-75]],[[11651,22788],[-49,-13],[-109,41],[-91,80],[-3,7],[13,15],[81,-21],[136,-76],[22,-33]],[[8332,27485],[143,-10],[44,4],[17,-17],[-17,-33],[-44,-2],[-200,5],[-26,24],[20,17],[63,5],[0,7]],[[6921,27584],[-288,-16],[-17,18],[4,8],[230,43],[73,-36],[-2,-17]],[[9942,23984],[36,-10],[4,-35],[-12,-24],[-30,4],[-12,20],[-18,-41],[-29,-15],[-36,1],[-2,57],[26,-20],[0,50],[26,24],[20,-19],[14,39],[13,-31]],[[6072,27114],[-19,-8],[-58,10],[-5,10],[49,45],[54,15],[38,24],[27,-8],[-28,-40],[-58,-48]],[[9902,24870],[-20,-40],[-46,34],[-5,55],[25,32],[27,8],[27,-11],[10,-29],[-4,-20],[-9,-11],[-5,-18]],[[7433,27380],[-37,-9],[-58,28],[-36,61],[36,11],[97,-74],[-2,-17]],[[8864,27417],[-98,-35],[-10,12],[-5,33],[6,19],[13,5],[75,-7],[19,-23],[0,-4]],[[8012,27815],[-24,-22],[-93,39],[-4,8],[5,9],[87,13],[29,-47]],[[7841,25994],[-23,-46],[-17,4],[1,27],[17,10],[-12,20],[23,39],[28,0],[11,18],[12,-18],[-5,-42],[-35,-12]],[[11360,24807],[-14,-25],[-61,48],[14,32],[20,19],[31,-19],[10,-55]],[[9965,26026],[-42,-12],[-12,10],[8,17],[76,65],[21,-25],[-51,-55]],[[7508,27064],[-41,-33],[-47,13],[-3,20],[38,33],[24,-1],[29,-32]],[[7762,27473],[-87,-9],[-34,11],[-6,14],[6,9],[66,4],[55,-12],[0,-17]],[[6521,27472],[-53,-4],[-37,33],[37,31],[0,-14],[68,-27],[-15,-19]],[[10093,25098],[-37,-22],[-43,32],[-8,15],[12,11],[54,-4],[22,-32]],[[6531,27335],[8,-30],[-102,5],[-7,10],[6,10],[95,5]],[[8235,27095],[-28,-17],[-15,19],[54,40],[29,-10],[4,-20],[-44,-12]],[[9865,24562],[1,-45],[-28,2],[-23,-29],[-9,20],[9,38],[18,-9],[19,31],[13,-8]],[[10152,26070],[-21,-7],[-19,22],[3,23],[16,6],[39,-15],[-18,-29]],[[7869,26302],[-2,-27],[-52,26],[-4,18],[16,20],[15,-20],[27,-17]],[[11032,24615],[-38,-16],[0,26],[22,35],[29,-18],[-13,-27]],[[10182,25125],[-30,-5],[-31,36],[6,10],[44,-8],[11,-33]],[[8424,27190],[12,-45],[-48,10],[3,24],[33,11]],[[9207,26220],[-2,-18],[-56,5],[-5,9],[9,16],[54,-12]],[[10044,26140],[-51,-18],[-9,11],[28,23],[36,3],[-4,-19]],[[9968,25923],[-20,-22],[-23,13],[6,27],[26,3],[11,-21]],[[7715,25994],[-15,-20],[-31,4],[-10,14],[41,17],[15,-15]],[[4817,23299],[-13,-22],[-27,56],[27,3],[13,-37]],[[9986,24056],[-7,-45],[-25,17],[0,34],[32,-6]],[[8180,27257],[-28,-13],[-13,29],[19,27],[22,-43]],[[11805,23970],[-14,-38],[-38,21],[8,15],[44,2]],[[11933,22682],[-19,-13],[-17,14],[9,31],[23,1],[4,-33]],[[9864,23454],[-29,-3],[-1,30],[16,14],[20,-11],[-6,-30]],[[4857,23649],[-14,-31],[-16,58],[24,13],[6,-40]],[[9936,23242],[-34,-8],[-9,14],[39,37],[4,-43]],[[11378,24662],[-18,-21],[-25,1],[15,38],[22,2],[6,-20]],[[8153,26972],[-6,-42],[-36,22],[22,28],[20,-8]],[[8327,26975],[8,-36],[-33,3],[-15,27],[40,6]],[[10097,25229],[-6,-34],[-35,19],[24,35],[17,-20]],[[9996,25985],[-8,-32],[-33,3],[9,37],[32,-8]],[[6747,25905],[-37,-3],[-8,12],[35,35],[10,-44]],[[5430,26252],[-11,-54],[-24,10],[2,29],[33,15]],[[10098,23984],[-21,-42],[-24,25],[24,28],[21,-11]],[[9955,27183],[-28,-25],[-17,15],[29,38],[16,-28]],[[7462,25956],[-26,-24],[-24,27],[18,20],[32,-23]],[[20434,15556],[89,-116],[135,47],[112,-182]],[[20770,15305],[-7,-160],[46,-72],[-121,-209],[-17,-90],[-6,-29],[-6,-31],[-8,-125],[-5,-83]],[[20646,14506],[-38,-62],[-21,-83],[-4,-19],[9,-59]],[[20630,14004],[-4,-93],[21,-93],[-1,-127],[68,-124],[48,-176]],[[20762,13391],[-173,-53],[-55,-121],[21,-89],[-12,-183],[-6,-150],[61,-89],[68,14],[-4,-184],[-19,25],[-51,-21],[-63,141],[-79,51],[-42,96],[-41,-56],[-71,8],[-55,32],[-25,76],[-82,-23],[-26,80],[-14,0]],[[18997,13760],[-13,-9],[-30,2],[-22,36]],[[19022,13965],[37,-18],[31,49],[48,21],[12,-14],[5,-52],[21,-12],[52,80],[65,72],[31,95],[5,175],[60,157],[47,71],[33,51],[13,134],[33,317],[51,211]],[[19566,15302],[3,140],[81,123],[40,-10],[77,-92],[149,-46],[81,86],[50,-1],[92,55],[51,-8],[55,57],[189,-50]],[[19985,16525],[72,-166],[-1,-181],[61,-29]],[[20117,16149],[10,-50],[65,-52],[42,-109],[87,-109],[31,-97],[55,-68],[27,-108]],[[19566,15302],[-23,24],[-168,-19],[-49,-210]],[[19259,15967],[37,-8],[67,53],[31,-35],[79,62],[89,19],[45,86],[-7,49],[131,40],[42,40],[93,149],[11,67],[68,43],[40,-7]],[[18912,13914],[-77,165]],[[18670,22480],[-5,-36],[12,2]],[[17425,15567],[-26,8],[-64,17],[-155,-28],[-190,-116]],[[16990,15448],[7,229],[-98,121],[12,96],[-14,77]],[[16945,16401],[41,39],[58,-22],[59,63],[34,-58],[50,20]],[[1681,12534],[-19,-1],[-28,56],[17,7],[30,-62]],[[2188,13246],[-17,-17],[-18,36],[2,20],[23,-8],[10,-31]],[[2013,11246],[-13,-17],[-24,11],[-5,23],[31,10],[11,-27]],[[22317,19502],[85,-20],[34,-71],[66,-2]],[[22502,19409],[48,-148],[103,-129],[23,-79],[-8,-86],[69,-179]],[[22737,18788],[48,-39]],[[22785,18749],[4,-32],[24,-11]],[[22853,17847],[-294,-72],[-81,-68],[-98,-191],[-48,44],[-108,10],[-221,31],[-18,-138],[-41,-41]],[[21944,17422],[-47,158],[-67,120],[-106,292],[-114,163],[-41,314],[-50,148],[-99,131],[-28,118],[-49,83],[-132,342],[-66,50],[30,203]],[[29229,22903],[-47,23],[-81,-9],[-104,49],[-146,-109],[-194,-61],[-208,22],[-93,95],[-132,68],[-109,20],[-188,-41],[-105,65],[-48,127],[-293,111],[-101,-149],[24,-140],[-85,-77],[-250,38],[-68,84],[-139,35],[-25,6],[-240,-127],[-47,-60],[-40,-10],[-82,-21],[-46,-48]],[[26332,22780],[-64,95],[-59,-22],[-73,18],[-176,204],[-186,-14],[-88,66],[-78,-30],[-173,317],[-139,150],[-21,64],[-102,-31],[-116,-86],[-74,-7],[-51,80],[-181,41],[-54,156],[-168,24],[-101,-66],[-228,-51],[-80,-46],[-345,-71],[-11,-47],[38,-89],[-63,-48],[-15,-83],[-55,-55],[109,-105],[-4,-62],[-23,-28],[-160,-24],[-140,74],[-154,-17],[-81,-51],[-75,24],[-38,-18],[-123,128],[-94,30],[-80,-20],[-69,18],[-187,-160],[-34,-118],[-111,56],[-50,-93],[-25,-207],[57,-107],[75,-21],[45,-44],[32,-76],[-1,-58],[41,-44]],[[22579,22326],[-85,-84],[-74,-32],[-73,-162],[49,-122],[21,-147],[45,-98],[27,-47],[22,-37],[5,-9]],[[21672,21843],[-119,138],[-182,157],[101,132],[9,98],[44,58],[-28,29]],[[21497,22455],[33,91],[117,41],[12,64],[-9,88],[31,69],[-12,42],[-82,53],[-112,23],[-60,66],[-82,-22],[-87,24],[-51,118],[-84,48],[3,64],[-56,80],[-196,-31]],[[20505,23938],[-46,197],[-34,24]],[[20493,24479],[126,107],[-74,62],[-81,-7],[6,15]],[[20578,26048],[73,50],[43,20],[18,28],[57,-16],[9,13],[-6,23]],[[20772,26166],[134,5],[140,-81],[270,-48],[442,-261],[10,-57],[-31,-67],[-166,-76],[-473,35],[98,-306],[113,-77],[80,-19],[38,34],[-43,77],[11,45],[241,-23],[27,31],[22,89],[50,55],[158,84],[171,25],[18,63],[-15,208],[39,56],[148,-37],[15,-53],[-60,-88],[152,-72],[230,162],[390,128],[153,-66],[350,76],[124,-38],[81,64],[-4,61],[-114,102],[8,35],[135,-60],[390,-75],[369,-131],[18,27],[-9,43],[-130,135],[2,216],[211,260],[233,1],[71,-58],[-19,-155],[32,-129],[8,-228],[45,-180],[-45,-94],[-116,-122],[-124,-43],[27,-26],[127,-7],[147,80],[72,74],[49,93],[21,103],[27,33],[137,16],[89,-99],[26,14],[-12,73],[-44,44],[-304,103],[1,165],[-35,145],[134,151],[31,-10],[27,-109],[60,-68],[102,-8],[-44,90],[152,106],[408,-120],[31,-110],[44,-33],[-3,141],[-184,127],[-32,134],[483,101],[39,45],[-4,83],[42,34],[843,214],[161,-34],[173,29],[218,76],[184,134],[187,33],[107,-32],[165,-133],[385,14],[180,-65],[45,-59],[-8,-81],[-55,-60],[-537,-240],[-51,-43],[13,-31],[210,36],[150,83],[202,-20],[109,-46],[183,25],[191,-13],[169,-70],[187,-29],[177,13],[122,99],[286,-26],[185,-93],[19,-64],[-11,-102],[12,-51],[63,-64],[112,-49],[189,124],[157,-36],[449,19],[87,131],[215,66],[620,-85],[422,-220],[538,-2],[110,-45],[86,-127],[115,-53],[269,26],[251,-20],[170,43],[23,-18],[22,-78],[115,-49],[54,33],[35,101],[123,40],[449,-44],[188,-61],[110,-110],[21,-225],[-14,-309],[-67,-92],[-94,-79],[91,-193],[-4,-101],[-229,-32],[-245,-95],[-368,-258],[-206,40],[-451,-116],[-141,-258],[55,-125],[-2,-187],[-81,-89],[-46,-162],[-126,-100],[-58,-124],[-101,-83],[-66,-143],[-84,-94],[-75,81],[-70,412],[-5,200],[31,136],[120,206],[141,94],[296,301],[167,128],[73,235],[-47,-5],[-92,-126],[-194,-107],[-51,32],[-54,100],[-145,6],[-90,-27],[-253,-258],[-18,-53],[10,-63],[-33,-28],[-233,-29],[-60,72],[-150,31],[-153,-46],[-318,-1],[-313,-95],[-599,-631],[189,-186],[59,0],[114,56],[159,-145],[12,-200],[-53,-192],[-22,-208],[-47,-184],[-215,-407],[-269,-391],[-163,-112],[-156,20],[-111,-118]],[[24969,23560],[24,-9],[9,49],[-37,-13],[4,-27]],[[23705,27038],[-11,-17],[-256,-157],[-28,-54],[-155,-107],[-6,-39],[-50,-60],[-10,-65],[16,-49],[62,-86],[110,-77],[-6,-27],[-330,31],[-53,85],[-39,-39],[-141,109],[16,56],[92,46],[16,32],[-7,43],[132,107],[3,61],[163,103],[63,76],[-3,16],[-37,-5],[-12,25],[48,8],[15,-31],[40,51],[66,10],[132,89],[233,60],[340,19],[163,70],[152,30],[62,-12],[35,-37],[-16,-34],[-81,-43],[-568,-129],[-150,-59]],[[515,25664],[39,-35],[23,11],[25,76],[54,9],[162,-31],[166,-129],[-101,-88],[-113,-14],[-13,-108],[-29,-21],[-5,-45],[-39,-18],[-236,96],[-80,92],[-204,14],[-52,106],[-69,-27],[8,-84],[-51,-78],[0,31],[0,30],[0,30],[0,29],[0,30],[0,29],[0,29],[0,29],[0,10],[0,19],[0,29],[0,28],[0,28],[0,28],[0,28],[0,27],[0,28],[0,27],[0,27],[0,15],[0,12],[0,26],[0,27],[0,26],[0,26],[458,-221],[41,-51],[16,-102]],[[27321,27905],[67,-68],[111,9],[65,-23],[20,-39],[-25,-113],[-135,-25],[-338,48],[-81,75],[15,50],[-10,17],[-148,-37],[-62,19],[-8,10],[8,10],[62,11],[11,84],[26,48],[273,62],[163,-66],[-14,-72]],[[31865,22394],[9,-57],[-13,-18],[-27,46],[-56,19],[-53,-119],[-22,97],[25,212],[6,57],[-24,85],[22,146],[-7,172],[14,87],[-53,128],[21,186],[-2,48],[51,1],[35,56],[-28,75],[22,26],[26,-41],[24,-133],[-8,-32],[20,-52],[-14,-116],[12,-90],[97,-369],[-118,-20],[-52,-214],[58,-148],[35,-32]],[[31433,27217],[159,-77],[31,58],[75,4],[315,-86],[3,-16],[-41,-57],[-120,-36],[-84,-12],[-39,28],[-140,-19],[-98,9],[-76,-44],[-70,17],[-117,81],[20,74],[30,34],[94,36],[58,6]],[[27877,27730],[-3,-49],[46,26],[69,-29],[48,-33],[44,12],[25,-45],[-43,-41],[-74,-7],[-286,-22],[-121,-35],[-33,20],[2,7],[152,144],[0,17],[37,21],[5,14],[57,-12],[6,25],[17,4],[52,-17]],[[23433,28034],[3,-16],[73,7],[19,-49],[-88,-15],[-1,-17],[74,-37],[0,-17],[-54,-28],[-93,21],[-61,-28],[-43,4],[-15,38],[58,-1],[70,37],[-15,19],[-55,-8],[-174,23],[-14,54],[56,-8],[11,-22],[77,30],[39,4],[-11,32],[16,15],[128,-38]],[[19976,23642],[-121,-6],[-123,13],[-17,2],[-33,4]],[[19682,23655],[32,26],[-6,52],[96,5],[23,49]],[[19827,23787],[11,4],[26,-15],[92,-18],[23,-40],[-3,-76]],[[32156,27119],[53,-39],[90,13],[278,-61],[-20,-31],[-137,-20],[-264,69],[-11,6],[-6,30],[17,33]],[[31872,26762],[-34,-34],[-246,39],[0,20],[39,46],[98,12],[107,-42],[36,-41]],[[22750,27990],[0,-18],[38,1],[3,-20],[-41,-20],[-203,-31],[-63,-39],[-34,-3],[-27,38],[11,25],[48,8],[-13,32],[16,17],[24,-45],[37,-9],[44,14],[34,47],[86,-17],[40,20]],[[23832,27954],[-83,-47],[-156,11],[-15,10],[15,32],[99,16],[-11,34],[79,16],[24,-10],[-13,-32],[60,-12],[1,-18]],[[22661,26053],[-101,-65],[-62,13],[-17,54],[32,51],[59,16],[88,-53],[1,-16]],[[169,26418],[-81,-54],[-88,1],[0,91],[135,-4],[34,-34]],[[24109,27966],[-150,-17],[-21,22],[4,8],[167,58],[50,-8],[4,-43],[-54,-20]],[[35462,26365],[-41,-18],[-34,2],[-45,-12],[-17,43],[27,24],[55,31],[55,20],[0,-90]],[[24715,26715],[-54,-17],[-44,4],[7,59],[81,17],[48,-10],[19,-31],[-4,-15],[-53,-7]],[[28889,26910],[-41,-32],[-34,0],[-73,27],[-4,7],[34,36],[43,-1],[73,-21],[2,-16]],[[22400,27943],[-106,-25],[-82,14],[-4,9],[5,9],[188,15],[-1,-22]],[[22995,27903],[20,-14],[-7,-22],[-62,0],[-4,-7],[-69,25],[3,16],[46,-6],[49,13],[8,45],[18,-8],[-2,-42]],[[33147,23073],[-8,-40],[-22,0],[-30,-66],[-28,-11],[-19,-28],[-22,9],[4,29],[49,33],[13,35],[63,39]],[[23181,27920],[9,-37],[-32,7],[-5,18],[-57,-2],[-8,-37],[-30,-10],[9,41],[-19,32],[3,9],[130,-21]],[[33906,24372],[-41,-19],[-6,10],[12,42],[47,16],[28,21],[15,-35],[-9,-26],[-46,-9]],[[31592,26851],[-25,-2],[-22,18],[6,29],[41,9],[33,-13],[3,-25],[-10,-8],[-26,-8]],[[26756,28020],[-25,-7],[-117,6],[-5,10],[8,9],[84,5],[53,-5],[2,-18]],[[31314,23705],[-20,-11],[-30,34],[17,40],[33,0],[17,-21],[-7,-33],[-10,-9]],[[25565,26659],[-43,-10],[-37,21],[37,41],[25,-5],[18,-47]],[[34147,23719],[-6,-17],[-42,36],[-31,58],[6,12],[35,-10],[-4,-21],[21,-39],[21,-19]],[[23567,28133],[-52,-24],[-3,17],[-48,-6],[-17,11],[4,12],[111,4],[5,-14]],[[31135,27096],[-46,-9],[-6,9],[11,51],[14,10],[29,-26],[-2,-35]],[[27110,27310],[0,-18],[-26,-10],[-20,16],[-30,-20],[-8,19],[9,30],[75,-17]],[[32528,22262],[-53,-55],[-10,10],[48,71],[31,23],[4,-21],[-20,-28]],[[23628,27853],[1,-21],[-84,4],[-5,11],[16,17],[72,-11]],[[25631,27982],[-92,-4],[-6,10],[10,11],[86,2],[2,-19]],[[25098,26678],[-29,-6],[-35,24],[18,21],[31,-2],[15,-37]],[[23486,28088],[-7,-21],[-52,0],[-16,22],[6,9],[69,-10]],[[23995,28105],[-64,-5],[-11,14],[5,9],[70,0],[0,-18]],[[22402,27877],[-51,-5],[-3,21],[49,12],[5,-28]],[[25318,27781],[1,-28],[-41,2],[-1,17],[8,14],[33,-5]],[[27245,27370],[-44,-20],[-9,11],[45,40],[8,-31]],[[31146,26867],[0,-26],[-45,26],[-3,15],[7,8],[41,-23]],[[22676,27850],[-33,-1],[-16,22],[41,15],[8,-36]],[[26182,27016],[-10,-47],[-27,18],[3,26],[34,3]],[[26250,27057],[-30,-3],[-10,17],[14,18],[33,-7],[-7,-25]],[[33331,27294],[-41,-4],[-6,9],[19,25],[34,-10],[-6,-20]],[[29620,26886],[3,-40],[-46,37],[17,16],[26,-13]],[[22784,27846],[-8,-17],[-42,1],[-5,10],[20,21],[35,-15]],[[32991,22819],[-20,-24],[-17,18],[19,46],[18,-40]],[[25827,27085],[3,-47],[-40,36],[6,18],[31,-7]],[[31864,23960],[-27,-2],[-5,17],[32,27],[14,-15],[-14,-27]],[[26569,27374],[-33,-6],[-13,21],[45,20],[1,-35]],[[21281,25398],[-27,-26],[-21,17],[21,32],[27,-23]],[[22734,28012],[-21,-9],[-16,25],[5,17],[31,-2],[1,-31]],[[33077,23068],[-31,-22],[-17,31],[34,14],[14,-23]],[[23580,28089],[-9,-46],[-37,28],[5,9],[41,9]],[[29889,26758],[-24,-7],[-11,32],[18,31],[17,-56]],[[31238,23777],[0,-57],[-21,1],[-11,26],[32,30]],[[27160,27275],[-35,-11],[-6,43],[34,-7],[7,-25]],[[26133,27021],[-2,-53],[-26,6],[1,36],[27,11]],[[28354,27546],[-30,-37],[-13,29],[16,26],[27,-18]],[[26491,27386],[8,-50],[-32,15],[-8,24],[32,11]],[[25885,27417],[-35,0],[-11,19],[36,21],[10,-40]],[[23256,28057],[-1,-20],[-45,2],[-5,10],[9,19],[42,-11]],[[32438,27318],[2,-34],[-34,1],[-9,15],[9,15],[32,3]],[[28342,27390],[-41,-10],[-6,12],[30,37],[17,-39]],[[33212,13438],[8,-47],[24,27],[40,-58],[29,-31],[6,-39],[-33,15],[-13,24],[-74,54],[-8,43],[21,12]],[[33464,13208],[24,-20],[37,2],[37,-53],[-4,-15],[-78,7],[-29,47],[13,32]],[[33470,13369],[-14,-20],[-49,50],[-54,66],[-8,18],[8,8],[101,-92],[16,-30]],[[33620,13197],[-9,-7],[-48,97],[-7,68],[8,13],[24,-47],[-3,-34],[20,-27],[15,-63]],[[33249,13529],[-5,-16],[-23,13],[-82,104],[13,19],[54,-56],[5,-27],[38,-37]],[[33696,13010],[14,-39],[-42,3],[-49,65],[0,21],[77,-50]],[[33092,13558],[-10,-53],[-30,18],[-10,-38],[-18,6],[-9,44],[34,-3],[43,26]],[[33527,12831],[-9,-30],[-35,50],[19,11],[25,-31]],[[34086,12993],[-17,-57],[-16,31],[7,32],[26,-6]],[[33296,13503],[-37,-18],[-5,28],[22,22],[20,-32]],[[34385,12719],[-40,-29],[-7,13],[22,42],[25,-26]],[[33169,13432],[-14,-2],[-8,50],[12,13],[17,-27],[-7,-34]],[[33656,13159],[-22,-36],[-12,46],[12,23],[22,-33]],[[33424,13270],[8,-48],[-29,3],[-2,42],[23,3]],[[21091,16290],[-19,16],[-2,97],[-59,86],[-14,139],[9,95],[-29,13],[-62,-53],[10,-135],[-31,-59],[-88,-155],[-40,-1],[-83,79],[-34,-24],[-15,-52],[-48,-23]],[[20586,16313],[-5,76],[-99,6],[-11,-20],[9,-67]],[[20480,16308],[-135,-12],[-70,140],[-56,-9],[-48,-95],[-24,-138],[-30,-45]],[[19985,16525],[7,60],[-34,54],[-21,164],[-43,8],[-10,26],[37,84],[-10,74],[35,55],[-3,67],[47,102],[11,77],[88,19],[6,60],[0,173],[0,381]],[[20095,17929],[7,77],[89,16],[3,251],[0,66]],[[21000,18339],[45,-43],[32,8],[12,35]],[[21089,18339],[50,0],[225,0]],[[21364,18339],[4,-66],[21,-64],[28,-378],[113,-147]],[[20111,25519],[0,-20],[-122,-3],[-52,-47],[-29,9],[-55,-62],[-38,-48],[13,-37],[-7,-52],[-106,-97],[-84,-27],[-85,-75],[-4,-27],[-91,-81],[3,-36],[-14,-48],[13,-27],[-30,-83],[19,-85],[130,-69],[33,-86],[-43,-108],[-66,-40],[-34,24],[-18,-39],[-62,-14],[19,-75],[-28,-28],[6,-74],[-22,-71],[26,-53],[-26,-70],[-22,35],[-23,-42],[-26,-35],[-122,-7],[-38,-101],[-97,-9],[-50,106],[23,67],[-96,183],[-42,69],[-30,109],[2,53],[24,3]],[[18860,24401],[16,-10],[9,19],[11,31],[10,91],[-9,8],[31,8],[28,31],[13,58],[-27,91],[37,11],[3,61],[-51,56],[12,82],[-5,10],[-20,140],[10,38],[5,33],[32,38],[61,37],[86,0],[9,50],[-27,27],[-10,11],[58,83],[30,155],[81,46],[-3,26],[91,92],[-17,60],[54,75],[54,33],[41,-9],[38,17],[6,65],[177,-25],[40,104],[21,7]],[[19579,24120],[-55,-50],[2,28],[-12,20],[9,20],[-8,24],[35,46],[27,18],[35,2],[-8,-32],[-20,-15],[-5,-61]],[[27948,14951],[17,11],[4,-8],[-2,-18],[-8,0],[-11,15]],[[17190,12124],[-32,-36],[-12,15],[24,43],[20,-22]],[[16340,13430],[-34,-27],[-9,30],[22,25],[21,-28]],[[16775,8138],[-2,-27],[-33,2],[-4,23],[20,16],[19,-14]],[[19076,22182],[7,23]],[[21988,11102],[25,91],[94,264],[-16,188],[-21,79],[-7,150],[41,115],[8,82],[51,14],[111,73],[129,157],[15,-22],[37,198],[29,-11],[58,78],[2,130],[15,40],[28,10],[52,-105],[21,-119],[41,-298],[-25,-93],[-34,72],[-16,-9],[6,-101],[9,-49],[-38,-131],[3,-91],[-33,-169],[-90,-452],[-64,-354],[-55,-196],[-174,-103],[-101,68],[-53,134],[0,151],[-48,209]],[[34448,15686],[-19,-18],[-5,22],[21,45],[14,-16],[-11,-33]],[[34366,15480],[-21,-13],[-13,29],[6,17],[26,2],[2,-35]],[[34490,16253],[-13,-6],[-9,33],[14,14],[29,-5],[-21,-36]],[[34650,15863],[-21,-4],[-15,41],[21,18],[15,-55]],[[34166,16592],[-36,-6],[7,32],[25,22],[4,-48]],[[34377,15948],[-13,-16],[-17,23],[29,41],[8,-4],[-7,-44]],[[34307,15673],[-9,-48],[-15,5],[-9,51],[33,-8]],[[19760,21596],[32,38],[29,0],[22,21],[15,4],[76,8]],[[18149,17870],[-3,-345],[-34,-204],[-45,-71],[-192,-14],[-51,-49],[-19,1],[-51,2]],[[16610,16768],[-5,99],[-43,71],[-37,214]],[[16525,17152],[36,17],[29,117],[65,-67],[45,44],[476,12],[25,93],[-24,102],[-53,790],[-36,560],[167,10]],[[27694,18267],[-18,-30],[-86,-168]],[[27590,18069],[-48,-11],[-70,-77],[-85,-24],[-19,-46],[-7,-121],[-22,-42],[21,-94],[104,-251],[-54,-213],[81,-188],[8,-121],[45,-203],[-85,-242]],[[27459,16436],[-21,-2],[13,156],[-13,126],[-41,34],[43,60],[1,60],[-44,132],[-42,322],[-53,179],[-19,13],[-151,-190],[-98,23],[-15,66],[24,188],[-20,131],[-37,85],[-23,-29],[-18,19],[22,40],[-50,156],[-22,4],[-33,75],[-48,115]],[[27292,19280],[28,41],[0,35]],[[28917,18374],[0,-2],[1,-2],[0,0],[-1,-1],[0,0],[-2,0]],[[32069,17186],[8,53],[23,5],[-15,-66],[-16,8]],[[16525,17152],[-113,205],[-96,95],[-168,-15],[-35,-46]],[[16113,17391],[3,27],[-7,-33],[-4,-17],[45,302],[-10,134],[-27,99],[14,136],[-53,124],[-23,-26]],[[11598,17472],[5,25],[8,-20],[1,-11],[-7,-6],[-7,12]],[[19174,20622],[-21,-35],[-20,27],[18,30],[23,-22]],[[19145,20638],[-9,-4],[-9,10],[6,3],[12,-9]],[[23427,11418],[-14,-43],[-38,3],[6,30],[24,53],[22,-43]],[[23634,12008],[-9,-14],[-19,4],[-9,16],[0,35],[26,-23],[11,-18]],[[23310,13045],[-15,-9],[-19,50],[21,17],[13,-58]],[[24950,14586],[-15,-8],[-3,11],[-13,49],[26,0],[4,-49],[1,-3]],[[24972,15689],[-24,-33],[-13,36],[29,25],[8,-28]],[[24983,15047],[-10,-3],[-2,9],[5,71],[21,-30],[-14,-47]],[[24933,15880],[-21,-22],[-21,43],[20,13],[22,-34]],[[24992,15210],[-15,-7],[-3,38],[5,35],[19,-21],[-6,-45]],[[24930,15623],[-14,-33],[-13,46],[29,33],[-2,-46]],[[24966,14820],[-21,-31],[-18,33],[10,15],[29,0],[0,-17]],[[21175,12836],[-31,-17],[-22,-78],[16,-179],[59,-94],[69,-180],[-8,-157],[-47,-74],[-12,-82],[-55,70],[-28,79],[20,125],[-12,100],[-78,15],[-40,75]],[[21006,12439],[-42,69],[20,136],[39,52],[-13,249],[34,73],[-67,174]],[[20977,13192],[119,-36],[33,-66],[15,-145],[31,-109]],[[8162,18987],[-51,-158],[-14,-417],[61,-276],[96,-239],[69,-92],[116,-82],[194,63],[82,-10],[48,82],[25,46],[61,280],[15,6],[35,16],[22,9],[121,53],[116,-13],[22,-62],[-59,-157],[-32,-246],[-10,-29],[-26,25],[-13,-28],[-9,5]],[[8646,17115],[-172,237],[-89,32],[-186,-71],[-406,242],[-100,111],[-112,51],[-179,178],[-71,157],[32,163],[-28,167],[-276,488],[-95,83],[-13,140],[-102,113],[-24,86],[-130,171],[-41,4],[3,89],[-77,289],[-67,63],[-83,21],[-12,-85],[23,-154],[161,-287],[32,-122],[104,-184],[38,-150],[56,-121],[1,-97],[74,-58],[32,-75],[2,-48],[-18,-36],[-30,-4],[-43,97],[-166,188],[5,151],[-19,59],[-88,109],[-89,55],[-64,90],[58,33],[-2,121],[-148,209],[-143,445]],[[6194,20065],[209,22],[401,-218],[237,-1],[52,70],[150,-7],[149,-187],[53,-157],[99,-88],[32,5],[55,99],[113,-7],[64,-92],[46,-132],[67,-120],[53,-182],[82,-63],[106,-20]],[[6587,19533],[-6,-43],[-40,66],[19,13],[6,-35],[21,-1]],[[9188,18092],[-30,-52],[-6,22],[16,52],[20,-22]],[[8906,18438],[-15,-39],[-22,3],[13,39],[17,16],[7,-19]],[[6395,19359],[-6,-46],[-32,14],[28,46],[10,-14]],[[28532,15073],[24,-54],[103,-28],[35,170],[7,23],[80,31],[79,41],[108,229]],[[29075,15538],[30,23],[5,60],[41,51],[74,183],[52,5],[35,-51],[21,-93],[135,-114],[-16,-41],[-76,-23],[1,-27],[44,-49],[-76,-46]],[[27788,15756],[111,-175],[24,-109],[1,-251],[38,-77],[38,-154],[-6,-25],[-45,5],[-23,-21],[-17,39],[-114,111],[-81,102],[-17,86],[-54,138],[-2,93],[-17,69],[-19,31],[6,96],[-17,72]],[[27594,15786],[10,37],[53,-37],[29,-44],[14,-83],[27,38],[35,-12],[26,71]],[[29297,15926],[-37,-38],[-6,35],[16,22],[27,-19]],[[27577,15768],[-23,-25],[-5,32],[19,19],[9,-26]],[[20971,10332],[-75,3]],[[20896,10335],[-14,145]],[[20882,10480],[-1,270],[-66,309]],[[20815,11059],[82,140],[80,262],[-18,163],[24,114],[1,147],[-20,113],[-160,106],[-61,14],[-15,56]],[[20728,12174],[-11,104],[152,86],[137,75]],[[21175,12836],[88,20],[59,-41],[96,8],[49,55],[59,-8],[122,75],[62,66]],[[21710,13011],[15,-13],[-3,-53],[-12,-89],[22,-145],[-7,-204],[23,-227],[-83,-224],[-89,-108],[-174,-122],[-96,-179],[-50,-37],[-94,-135],[-10,-95],[27,-53],[25,-134],[27,-130],[-5,-280],[-44,-87],[-130,-80],[-77,-67],[-25,-55],[-3,-36],[26,-51],[-2,-75]],[[20039,11843],[115,23],[66,-49]],[[19701,10677],[-5,-600],[-77,-84],[-94,5],[-72,32],[-16,67],[-30,36],[-55,-93]],[[19352,10040],[-71,105],[-47,131],[-39,231],[-3,128],[-34,148],[1,253],[-60,157],[-129,409],[-65,138],[-16,166]],[[34175,11106],[1,-31],[-70,26],[-125,138],[-83,173],[7,9],[34,-21],[236,-294]],[[34227,11283],[-12,-22],[-33,44],[14,29],[16,1],[-5,-28],[20,-24]],[[34691,11091],[7,-55],[-26,5],[-3,44],[22,6]],[[34294,11193],[-16,-13],[-13,13],[-5,38],[35,-14],[-1,-24]],[[33354,11460],[-36,-12],[-6,21],[26,31],[16,-40]],[[33856,11462],[-18,-5],[0,19],[24,47],[9,-31],[-5,-16],[-10,-14]],[[33813,11704],[-5,-34],[-34,44],[21,19],[18,-29]],[[19209,18502],[19,-229],[74,-206],[-31,-216],[-13,-334],[-113,-214],[-80,-203],[9,-120]],[[19074,16980],[-122,-96],[-161,36],[-138,-84],[-139,74],[-98,-33],[-56,85],[-66,37],[-87,-12],[-64,-56],[-48,-158],[-13,-117]],[[18913,18587],[141,-52],[74,-83],[81,50]],[[34258,9997],[40,-18],[-14,-28],[-25,8],[-1,38]],[[19074,16980],[45,-104]],[[18575,15523],[-37,-44],[-202,-42],[-49,52],[-31,117],[-77,156],[-65,24],[-32,-2],[-15,-1],[-69,-5]],[[9290,16549],[-191,300],[31,12]],[[9541,17191],[-37,-224],[-2,-191],[-30,-187],[15,-63]],[[18063,23152],[85,-4]],[[18149,23153],[-55,23],[15,40],[29,39],[7,9],[17,22],[12,23],[6,18],[5,22],[4,30],[11,74],[40,-34],[24,25],[11,17],[35,21],[31,4],[25,2],[42,-2],[22,-25],[11,-2]],[[18860,24401],[-5,9],[-49,0],[-24,66],[-16,54],[2,-33],[-20,19],[12,-43],[0,-50],[-24,-20],[-36,7],[-54,-43],[-39,-51],[-70,-54],[-88,-24],[-84,48],[-87,75],[-4,42],[24,43],[-8,50],[18,9],[-25,23],[-7,-49],[1,-22],[-27,-28],[-2,50],[-28,149],[16,74],[-49,13],[22,53],[4,79],[26,30],[-5,40],[37,-26],[-4,32],[29,-1],[50,75],[75,53],[67,7],[19,68],[74,-4],[-29,24],[5,22],[50,-6],[15,-17],[65,22],[22,59],[79,64],[32,32],[2,58],[105,10],[-11,103],[30,81],[46,57],[26,-13],[14,55],[42,42],[55,27],[59,107],[96,53],[-14,28],[-106,-5],[9,70],[117,72],[15,-59],[49,26],[69,-34],[-16,95],[148,66],[37,59],[85,-1],[11,-41],[59,-7],[21,44],[45,-17],[35,39],[84,10],[61,71],[77,-9],[179,55],[7,-67],[220,70],[59,-43],[77,7],[107,-40],[16,-38],[-34,-58],[71,-28]],[[19112,25909],[-52,-25],[-12,13],[54,40],[10,-28]],[[19035,25878],[-20,-34],[-19,16],[25,47],[14,-29]],[[18637,25226],[-14,-34],[-39,12],[8,19],[45,3]],[[20130,26352],[-28,-1],[-5,37],[26,10],[7,-46]],[[34156,14642],[20,37],[18,-24],[-26,-41],[-12,28]],[[980,11603],[15,40],[21,-34],[-14,-30],[-22,24]],[[19493,27803],[-5,-45],[55,21],[36,-19],[23,-50],[147,-10],[44,-40],[63,-10],[-5,-27],[53,-20],[23,-49],[66,0],[28,-34],[88,-43],[-13,-26],[-75,-34],[-43,-14],[-17,44],[-17,6],[-55,-17],[-93,-10],[-3,15],[45,60],[-77,71],[-12,49],[-140,-34],[-5,-53],[-53,-22],[-25,-76],[-53,-8],[-56,-128],[-50,-15],[-222,101],[-37,50],[43,16],[0,17],[-62,14],[-13,41],[127,11],[138,42],[3,36],[-75,-20],[-66,20],[-142,-64],[-52,5],[-70,56],[-56,33],[4,62],[-53,0],[-38,69],[59,45],[84,-31],[0,29],[130,1],[2,-16],[-22,-22],[1,-16],[53,-19],[1,24],[58,37],[41,-7],[102,-98],[7,12],[-34,83],[26,40],[43,16],[126,-32],[20,-17]],[[19705,27930],[165,-59],[52,-21],[16,13],[11,42],[72,12],[5,-44],[54,5],[30,39],[270,-66],[1,-17],[-53,-35],[-106,-60],[-201,-18],[-313,36],[-21,15],[12,12],[50,-10],[-3,32],[-165,-7],[-83,72],[34,32],[22,-4],[13,-28],[44,-6],[-1,33],[42,-16],[24,39],[29,9]],[[18847,27601],[-29,-8],[-53,55],[-2,16],[54,-11],[17,-16],[13,-36]],[[19632,26935],[-23,-29],[-27,29],[32,18],[18,-18]],[[16957,26368],[-41,-8],[-6,11],[33,38],[14,-41]],[[18927,27556],[-27,-11],[-25,33],[27,12],[25,-34]],[[20360,27660],[3,-45],[-34,8],[-5,21],[36,16]],[[20505,27875],[-8,-33],[-41,27],[10,17],[39,-11]],[[19779,27971],[1,-36],[-41,14],[8,26],[32,-4]],[[19954,22778],[-18,-37],[-5,-26],[-15,-21],[-2,-28]],[[19588,22848],[27,-16],[34,32],[41,-67],[25,12],[47,23],[77,3],[115,-57]],[[16718,16124],[-38,-122],[-81,-134]],[[16599,15868],[-120,96],[-24,100],[-27,37],[-7,114]],[[16085,16755],[-4,119]],[[16105,16960],[-72,171],[-21,18],[45,61],[48,155],[1,0],[7,26]],[[21993,16611],[78,-138],[57,-35],[99,56],[87,0],[87,64],[193,33],[142,95],[40,-45],[-8,-170],[-37,-209],[-223,-661],[-81,-185],[-189,-302],[-124,-136],[-131,-204],[-19,-29],[-76,-156],[-63,-127]],[[12103,15690],[24,24],[78,-23],[53,25],[131,-20],[22,-45]],[[21229,15490],[-26,55],[-69,-33],[-16,-22]],[[21080,15424],[-51,-74],[-50,14],[-57,-20],[-29,-29],[-27,39],[-26,-18],[-35,17],[-20,-14],[-15,-34]],[[20480,16308],[19,-40],[45,-3],[42,48]],[[18366,14774],[17,30],[15,-31],[-26,-41],[-6,42]],[[9082,16929],[-1,-6],[-41,-33],[-119,61],[-22,11],[-35,18],[-11,5]],[[11507,17685],[11,18],[8,-6],[0,-13],[-11,-6],[-8,7]],[[21240,20181],[93,157],[-16,62],[-42,9]],[[21275,20409],[-19,158],[13,54]],[[21269,20621],[28,-8],[41,63],[4,94],[2,-1],[48,-25],[42,4],[45,24],[115,-28],[100,37],[53,32],[88,1],[49,21],[19,-20]],[[20896,10335],[-19,-72],[-38,-5],[-32,17],[-36,71],[9,85],[38,70],[64,-21]],[[10689,18222],[-14,-45],[-17,49],[14,26],[17,-30]],[[10673,18293],[-11,-10],[-35,44],[19,18],[27,-52]],[[19209,18502],[117,54],[769,-627]],[[24538,6742],[30,-30],[8,14],[27,-52],[38,2],[21,15],[15,-13],[-1,-29],[-32,-23],[11,-25],[-14,-12],[-65,8],[-64,-4],[-5,109],[31,40]],[[22712,7137],[8,-38],[-42,18],[-6,24],[40,-4]],[[25376,8399],[15,-32],[-35,1],[-5,33],[5,16],[20,-18]],[[17892,15755],[-43,-20]],[[27869,16642],[-22,53],[-33,-13],[-1,60],[-40,49],[-97,27],[-15,117],[-60,-5],[-23,-205],[-68,-289],[2,-157],[57,-49],[77,-321],[90,-66],[52,-87]],[[27594,15786],[-123,262],[-27,16],[-31,-21],[-4,143],[50,250]],[[27590,18069],[40,-27],[2,-99],[70,-8],[9,-90],[-13,-65],[-18,-152],[15,-23],[20,24],[72,79],[63,-42],[64,83],[58,-19],[77,-144],[2,-141],[60,-112],[23,-49],[-7,-145],[-33,-55]],[[27600,16311],[-18,-52],[-17,19],[3,36],[32,-3]],[[24408,20826],[53,172],[-22,104],[-55,71],[1,35],[89,17],[97,174],[96,46],[20,-29],[-11,-67],[46,-23]],[[739,13335],[1,-2],[1,-1],[1,-1],[0,0],[0,-1],[0,1],[-1,1],[-1,1],[-1,2]],[[740,13328],[1,0],[0,0],[0,1],[1,-1],[0,0],[0,0],[-1,0],[-1,0]],[[740,13327],[-1,-1],[0,1],[0,0],[1,0]],[[740,13327],[0,1],[0,0]],[[740,13328],[0,-1]],[[29950,13202],[26,22],[17,6]],[[30039,13265],[28,55],[111,31],[68,16],[20,-16],[-88,-87],[-126,-79]],[[23041,20853],[-2,27],[4,228],[-72,79],[27,32],[-5,47],[-65,41],[22,125],[86,-37],[83,62],[-58,75],[-15,41],[-22,60],[-68,-13],[-13,-47],[-13,-48],[-31,48],[-3,4]],[[22896,21577],[63,57],[18,15],[87,19],[46,-34],[24,-18],[23,-43],[36,-69],[55,1]],[[23248,21505],[70,-6],[28,5],[0,69],[25,49],[71,59],[11,9],[53,44],[66,-44],[14,-9],[34,-23],[34,-85],[20,-71],[146,-27],[79,-205],[276,-249],[113,-60],[5,-81],[-6,-25]],[[18870,20168],[-2,-103],[-22,-37],[-107,-117],[0,-134],[-67,-87]],[[18582,20787],[110,59],[35,-19],[30,-58],[50,8],[-35,-126],[42,-88],[6,-66],[-91,-182],[56,-72],[23,28],[29,-75],[33,-28]],[[493,11265],[-9,-30],[-35,46],[16,14],[28,-30]],[[390,11062],[-18,-21],[-19,45],[24,14],[13,-38]],[[604,11669],[-20,-30],[-17,7],[5,22],[30,31],[2,-30]],[[631,12122],[-21,-39],[-23,42],[35,11],[9,-14]],[[30207,20926],[1,3],[1,2],[0,1],[0,1],[0,0]],[[30376,21062],[45,-118],[21,-35],[16,-46],[24,-77],[8,-175],[-32,-110],[-39,-25],[-21,-48],[-76,-10],[-2,0],[-2,-2],[-1,-2],[0,-3],[0,-3],[1,-3],[4,-11],[-13,-8],[-6,14],[2,3],[1,2],[0,2],[0,3],[0,2],[-1,3],[-1,1],[-1,1],[-2,1],[-5,0],[-2,4],[-2,2],[-1,1],[-2,0],[-2,-1],[-1,-2],[-1,-2],[0,-2],[-5,-31],[-12,2],[-3,29],[-8,0],[0,0],[-4,0],[-9,-29],[7,-29],[-1,0],[-2,0],[-2,0],[0,0],[-2,0],[-13,0],[-1,0],[-1,0],[-6,0],[-2,0],[-1,0],[-5,0],[-3,0],[0,-8],[-12,-23],[-6,31],[1,50],[0,3],[-1,3],[-1,2],[-1,1],[-2,1],[-1,-1],[-2,-1],[0,0],[-2,0],[-1,0],[-2,0],[-2,0],[-3,0],[-1,0],[-3,-34],[-25,-2],[-4,23],[-9,13],[9,0],[0,2],[0,26],[0,6],[20,26],[0,-11],[0,-3],[0,-2],[1,-2],[2,-2],[1,0],[2,0],[1,1],[2,1],[0,2],[1,3],[7,61],[27,111],[-29,114],[-1,0],[-1,2],[-1,2],[-1,3],[0,2],[1,3],[0,2],[2,2],[37,40],[-4,57],[0,0],[-1,2],[-1,3],[0,2],[0,2],[-1,3],[-1,2],[-2,1],[-1,0],[0,0],[0,0],[-1,1],[0,1],[0,2],[0,2],[-2,3],[-1,1],[-1,1],[-1,0],[-1,1],[-1,1],[-1,0],[-1,-1],[-2,0],[-1,0],[-2,1],[-2,1],[-1,3],[0,1],[-1,2],[-1,2],[-1,2],[-1,4],[-1,2],[0,1],[-1,1],[-2,1],[-1,1],[1,2],[0,4],[1,2],[-1,1],[0,3],[1,2],[1,1],[0,0],[1,0],[0,1],[1,1],[1,1],[2,1],[1,-1],[0,-1],[2,-2],[2,-2],[1,-1],[1,0],[1,0],[0,0],[1,-2],[2,-1],[0,0],[1,0],[3,-2],[3,0],[1,2],[2,2],[0,0],[1,1],[0,1]],[[30203,20181],[-32,-5],[-12,14],[19,28],[37,13],[16,-17],[-12,-24],[-16,-9]],[[30191,20843],[-11,-39],[-50,30],[24,-12],[13,35],[24,-14]],[[30120,20911],[4,-28],[-9,6],[-1,1],[-1,1],[-1,3],[-1,2],[0,3],[1,3],[1,2],[1,2],[6,5]],[[22455,19650],[38,-36],[-45,-58],[21,-22],[33,-125]],[[9700,17915],[54,-6],[-3,-17],[-45,-8],[-6,31]],[[24719,21659],[-31,-25],[-74,-61],[-71,-59],[-68,-116],[-57,77],[-117,29],[-19,69],[-5,17],[-40,44],[-1,47],[-8,65],[-90,138],[-295,-3],[-122,130],[-227,174],[-232,-106],[-12,-398],[-2,-108],[0,-68]],[[22896,21577],[11,57],[8,47],[0,52],[-122,85],[-91,202],[67,19],[-4,65],[41,59],[126,21],[28,123],[-11,92],[-178,46],[-192,-119]],[[27793,18404],[77,-110],[-3,-57],[32,-84],[44,-14],[47,24],[34,-34],[4,-47],[38,-60],[-26,-61],[-45,-8],[-23,-56],[118,-104],[3,-53],[130,-226],[23,-91],[62,-48],[-8,-42],[30,-86],[-4,-107]],[[21189,20157],[86,252]],[[11709,17007],[10,32],[20,-5],[-10,-65],[-20,38]],[[25587,16033],[8,14],[-5,83],[14,5],[0,63],[14,20],[0,54],[15,28],[-19,35],[26,11],[18,-44],[33,-46],[22,-67],[32,-64],[12,-74],[30,-73],[9,-94],[-17,-86],[-37,-48],[-60,-39],[-44,6],[-20,32],[-19,102],[-4,82],[-8,100]],[[16990,15448],[-95,58],[-98,107],[-82,116],[-46,37],[-70,102]],[[20394,9879],[33,23],[39,95],[27,3],[15,31],[46,19],[34,-55],[31,-28],[14,-44],[-27,-51],[-1,-41],[-32,-30],[-43,-7],[-29,-86],[-36,12],[-37,64],[-34,95]],[[20047,23576],[-19,48],[-52,18]],[[19827,23787],[-22,109],[1,26]],[[19806,23922],[90,52],[65,-3],[28,5],[23,-11],[98,-13],[69,19],[96,-52],[22,-18],[57,-43]],[[19806,23922],[1,117],[63,124],[77,27],[64,-64],[33,-44],[45,-6],[18,13],[26,37],[-3,92]],[[18870,20168],[81,-54],[95,5],[181,-87],[29,-95],[35,-60],[160,-56],[167,-120],[47,25],[41,70],[-7,163],[26,67],[74,68],[76,32],[115,-39],[22,-56],[25,-23],[75,-29],[73,-5],[23,-54]],[[17205,20612],[1,-25],[8,-24],[31,-40],[24,-19],[27,-9],[11,2],[1,0],[0,0],[91,14],[40,6]],[[17442,20515],[1,0],[14,-15],[12,-14],[44,-3]],[[16434,19267],[30,46],[132,61],[127,162],[57,158],[-19,66],[4,125],[54,124],[7,68],[110,136],[119,95],[90,276],[56,35]],[[18464,21903],[0,0],[-1,-1],[0,-1],[0,0],[-1,-2]],[[20510,22185],[-9,104],[11,55],[-11,65],[-72,123],[-19,52],[-56,58]],[[20354,22642],[98,34],[112,-54],[16,-25],[27,-13],[3,-70],[31,-26],[41,-116],[-9,-30],[-83,4],[-2,-58],[-29,-46],[-49,-57]],[[19639,21591],[-83,94]],[[19625,21867],[83,-86],[28,-28],[-27,-46]],[[29637,17787],[92,-49],[47,7],[-11,-111],[31,-124],[-37,-113],[-45,-47],[-23,-109],[20,-117],[15,-66],[31,-36],[44,57],[49,-34],[12,-54],[41,35],[26,-11],[-24,-51],[17,-71],[34,-38],[-4,-59],[-68,70],[-18,65],[-52,57],[-8,-10],[12,-74],[-11,-14],[-35,58],[-17,-47],[-23,30],[30,35],[-24,39],[-69,-39],[-50,56],[-4,41],[32,61],[-10,24],[-30,-2],[1,-43],[-16,1],[-4,25],[-26,36],[-35,185],[7,47],[34,-29],[21,22],[1,230],[21,136],[26,31]],[[30112,16311],[15,-6],[26,60],[6,-30],[-21,-32],[-1,-32],[21,-25],[29,-234],[13,-83],[-46,-99],[-28,89],[-36,-59],[21,-130],[-32,-77],[-15,69],[-36,-22],[-71,71],[-10,95],[14,81],[-45,65],[-26,0],[-3,-28],[-23,-26],[-34,-18],[-6,55],[-18,2],[-52,-128],[-10,33],[16,107],[75,62],[29,60],[46,12],[25,-58],[23,-4],[26,55],[29,-2],[14,65],[28,-8],[42,33],[-13,108],[11,57],[10,-1],[7,-77]],[[29865,16618],[-4,-61],[-11,6],[-26,-43],[10,-34],[16,36],[20,11],[28,-18],[1,-32],[-16,-40],[-19,-86],[-4,-46],[16,-47],[-12,-44],[-73,105],[4,34],[35,32],[1,52],[-41,36],[-42,-16],[7,177],[-12,29],[11,8],[96,-57],[15,-2]],[[30091,16668],[5,-111],[-49,0],[17,-140],[-29,-25],[-17,51],[2,63],[-13,23],[-20,-7],[-7,76],[16,34],[18,-37],[13,73],[-13,0],[-41,96],[15,31],[82,-14],[24,-61],[-3,-52]],[[29331,16159],[-35,-37],[-16,3],[51,103],[132,215],[8,0],[6,116],[20,34],[24,2],[-11,-36],[3,-116],[-71,-80],[-37,-97],[-74,-107]],[[29700,16799],[-27,-54],[-69,159],[-16,21],[0,23],[75,-14],[24,-30],[13,-105]],[[29947,16443],[-58,-140],[-10,6],[2,22],[32,112],[25,98],[10,-4],[-1,-94]],[[30000,16331],[-43,-27],[-33,27],[42,72],[34,-23],[0,-49]],[[29932,16740],[15,-54],[-8,-11],[-43,46],[-24,-5],[0,66],[22,0],[38,-42]],[[29588,15607],[-1,-38],[-21,6],[-34,-31],[-7,12],[29,58],[19,13],[15,-20]],[[29762,16787],[-8,-55],[-18,14],[12,47],[-5,51],[19,12],[-2,-40],[13,-6],[-11,-23]],[[29986,16973],[-19,-23],[-18,23],[18,70],[20,-49],[-1,-21]],[[29579,16713],[-26,-47],[-11,10],[-7,46],[16,15],[28,-24]],[[29267,16053],[-7,-33],[-12,15],[7,38],[25,37],[10,-35],[-23,-22]],[[29768,15795],[-19,-17],[-23,38],[26,21],[15,-14],[1,-28]],[[29690,15722],[-17,-39],[-32,27],[7,20],[42,-8]],[[29419,15902],[-6,-48],[-31,17],[-3,18],[40,13]],[[29763,17175],[-6,-18],[-38,23],[25,33],[19,-38]],[[29578,16994],[-13,-14],[-33,39],[22,17],[24,-42]],[[29556,16634],[-9,-28],[-33,6],[18,42],[24,-20]],[[29713,17881],[-24,-3],[-9,19],[4,19],[25,10],[4,-45]],[[29582,15706],[-14,-25],[-28,18],[33,38],[9,-31]],[[29824,16764],[-10,-32],[-31,43],[31,14],[10,-25]],[[29558,16474],[3,-31],[-38,11],[6,38],[29,-18]],[[24712,18707],[-77,-4]],[[24522,18707],[-7,0],[-133,-37],[-15,100],[-58,41],[-42,99],[-467,-48]],[[24985,20781],[5,-26],[-39,-3],[-69,-82],[-6,-32],[8,-27],[43,-6],[24,-36],[41,-17],[8,-44],[27,-24],[-34,-55],[-28,-60],[20,-203],[167,-135]],[[20058,23175],[9,-38],[38,-109],[-54,-59],[-85,-112],[2,-60],[-14,-19]],[[19137,23533],[110,76],[129,67],[95,35],[62,4],[25,-36],[40,-37],[68,16],[0,-1],[-31,-16],[-7,-12],[54,26]],[[12197,22460],[-8,-42],[28,-28],[-19,-13],[-34,27],[13,27],[0,42],[20,-13]],[[5076,10744],[7,23],[17,4],[1,-66],[-17,11],[-8,28]],[[11110,17738],[14,25],[59,-3],[57,-5],[27,-26],[-32,-48],[-52,0],[-58,-1],[-15,58]],[[21102,19866],[1,2],[24,39],[2,4]],[[17002,20826],[-66,-20],[-77,14],[6,49],[0,42],[6,134],[-44,-8],[-26,49],[3,48],[37,112],[14,50],[12,77],[12,74],[-12,83],[-4,23],[-5,42]],[[14943,21043],[-7,-14],[-40,7],[-18,26],[25,15],[40,-34]],[[16174,19648],[-11,-15],[-27,9],[-1,20],[15,23],[24,-37]],[[14675,21205],[-11,-34],[-17,1],[-4,29],[7,26],[25,-22]],[[15069,21098],[4,-40],[-34,2],[-10,21],[40,17]],[[15256,20917],[-42,-7],[-7,13],[10,15],[42,1],[-3,-22]],[[16091,20097],[-32,-23],[-20,28],[32,16],[20,-21]],[[15209,20931],[-14,-19],[-20,29],[14,17],[20,-27]],[[30958,15854],[-28,-21],[3,57],[18,5],[7,-41]],[[30664,15238],[-17,-53],[-15,43],[29,34],[3,-24]],[[30998,16003],[-6,-76],[-21,3],[11,59],[16,14]],[[22737,18788],[4,16],[-8,53],[3,71],[0,1],[45,75],[22,-24],[9,-141],[-27,-90]],[[20510,22185],[44,-36],[63,26],[37,-16]],[[20654,22159],[1,-16],[-12,-56],[-56,-32],[-28,-49],[-13,-105]],[[19965,21979],[-18,65],[-47,-2],[-1,1],[-64,36],[12,61],[-46,21],[-34,77],[-40,55]],[[19987,22592],[25,26],[33,-24],[106,-5],[38,-34],[113,41],[52,46]],[[20646,14506],[49,3],[38,51]],[[20733,14560],[32,-86],[2,-30],[1,-57],[-15,-26],[-13,-23]],[[32228,22048],[-14,-36],[-21,25],[10,26],[25,0],[7,21],[64,63],[6,37],[30,-47],[-33,-36],[-26,0],[-6,-19],[-42,-34]],[[32143,21993],[-39,-38],[-10,11],[24,52],[25,-25]],[[32077,21926],[-3,-38],[-22,0],[-5,30],[23,25],[7,-17]],[[32403,22190],[-6,-31],[-40,13],[16,29],[30,-11]],[[10318,17770],[35,-2],[6,-42],[-25,5],[-16,39]],[[29316,17240],[8,9],[12,-18],[18,-26],[-7,-13],[-28,11],[-3,37]],[[29865,18942],[36,34],[14,-29],[-38,-21],[-12,16]],[[21964,11917],[-28,-6],[-17,29],[33,15],[12,-38]],[[23120,12131],[-9,-42],[-30,62],[16,7],[23,-27]],[[22415,12852],[-12,-39],[-26,35],[24,27],[14,-23]],[[21714,11102],[-8,-71],[-19,34],[3,28],[24,9]],[[21663,11201],[-26,-10],[-10,30],[30,24],[6,-44]],[[22963,17463],[-67,-50],[-29,-114],[-54,-54],[-200,-102],[-93,-104],[-290,-126],[-70,-85],[-83,-23],[-56,26],[-26,87],[-40,274],[-27,51],[16,179]],[[23016,16815],[19,-16],[24,16],[37,-26],[-32,-32],[-40,-8],[-18,7],[-24,32],[9,19],[25,8]],[[21922,17404],[-18,-27],[-11,16],[-3,14],[8,14],[24,-17]],[[20971,10332],[-9,-61],[-47,-224],[-99,-136],[-122,-293],[-162,-234],[-136,-148],[-56,-34],[-47,7],[-45,-49],[-47,3],[-31,-31],[-230,25],[-57,-50],[-212,-71],[-93,103],[-35,10],[2,63],[-52,128],[38,44],[-5,136],[-85,217],[-50,213],[-39,90]],[[20623,11095],[192,-36]],[[21477,7048],[-14,-24],[-36,17],[8,26],[42,-19]],[[20728,12174],[-115,-25],[-35,-45],[-6,-48],[-96,-102],[-98,-171],[-158,33]],[[20762,13391],[27,-60],[79,-56],[109,-83]],[[3024,11864],[0,-47],[-31,3],[-6,38],[37,6]],[[4457,10945],[-4,-32],[-32,33],[19,33],[17,-34]],[[4310,11212],[-9,-25],[-26,17],[15,47],[20,-39]],[[3922,11507],[-34,-14],[-8,21],[13,34],[29,-41]],[[3418,11863],[-11,-15],[-35,56],[23,5],[23,-46]],[[3679,11982],[-30,-16],[-1,49],[19,8],[12,-41]],[[3322,12164],[-11,-12],[-20,54],[18,23],[13,-65]],[[3516,12287],[-27,-26],[-21,1],[15,36],[17,7],[16,-18]],[[3821,12441],[-2,-67],[-12,5],[-14,54],[28,8]],[[3942,13285],[-22,-39],[-14,47],[17,17],[19,-25]],[[34965,14497],[-7,-18],[-27,74],[16,13],[18,-69]],[[2788,12839],[-11,-9],[-17,46],[3,37],[12,-15],[13,-59]],[[2935,13084],[-7,-28],[-11,17],[2,26],[18,14],[13,28],[7,-18],[-22,-39]],[[850,14152],[-11,-45],[-22,56],[14,18],[19,-29]],[[34803,14953],[-42,-16],[-12,10],[34,35],[20,-29]],[[2239,15027],[-16,-11],[-21,24],[17,41],[20,-54]],[[2058,15364],[-24,-24],[-17,42],[12,17],[29,-35]],[[23214,13967],[-1,-29],[-47,46],[18,14],[30,-31]],[[22310,13181],[-33,-15],[-6,37],[31,8],[8,-30]],[[22967,13691],[-30,-3],[17,54],[18,-14],[-5,-37]],[[21269,20621],[-7,64],[33,61],[-21,35],[-49,-53],[-56,26],[-57,-21],[-70,-75],[-102,-10],[-72,82],[-98,44],[-21,-9],[-26,-82],[-58,-22],[-52,22],[-73,83],[-57,-19],[2,39],[-53,22],[-1,59],[-16,12],[2,61],[-80,69],[39,81],[-8,63],[3,54],[-18,7],[-35,-9],[-13,22],[-2,50],[26,68],[112,-7],[65,15],[67,-2],[14,14],[0,20],[54,19],[-19,17],[-41,22],[20,49],[72,-16],[48,7],[62,-19],[31,7],[75,76],[38,26],[29,19],[62,25],[85,-8],[76,9],[37,-45],[13,-16],[43,10],[38,-63],[44,4],[37,-31],[94,-31],[106,19],[113,-15],[91,56],[29,32]],[[20493,21614],[7,-41],[4,-26],[3,-2],[66,-46],[0,-52],[-85,8],[-41,-9],[-59,-67],[-23,15],[-69,14]],[[20300,21310],[-28,-18],[-17,22],[40,29],[5,-33]],[[11660,16395],[13,81],[6,19],[45,10],[-5,-29],[1,-74],[-25,-16],[-35,9]],[[35171,13586],[19,-13],[3,-51],[-20,-5],[-2,69]],[[20733,14560],[135,9],[206,0]],[[21593,13968],[0,-2],[-34,-233],[59,-141],[-17,-228],[52,-250],[57,-103]],[[21626,13685],[-16,-4],[-23,45],[9,43],[21,-26],[9,-58]],[[21651,13845],[-24,-1],[16,89],[13,-13],[-5,-75]],[[21497,22455],[-371,-158],[5,-42],[70,-87],[97,15],[21,-29],[-15,-30],[-76,-7],[-128,-87],[-52,-4],[-19,90],[-74,62],[61,96],[-135,32],[1,64],[-96,-8],[-108,-141],[-24,-62]],[[17016,23758],[11,-4],[21,21],[71,17],[23,-36],[11,-60],[-4,-6],[9,0],[26,0],[9,-39],[-6,-9],[-9,16],[1,-25],[-36,-40],[-29,7]],[[17720,23175],[9,-4],[24,-1],[1,-1],[1,-1],[0,0],[1,-1],[2,-1],[1,0],[1,0],[2,2],[0,-1],[2,-2],[1,0],[1,-1],[2,0],[3,0],[2,0],[1,1],[0,0],[1,0],[1,1],[14,2],[3,-15],[12,-2],[20,-3],[31,-1],[8,-18],[-38,-50],[-11,0],[-10,-3],[-78,-18],[-17,5],[-72,0],[-9,-4],[-17,1],[-15,12],[-4,1],[-29,-25],[-4,-2],[-5,-1],[-10,0],[-7,0],[-81,0],[-16,0],[-42,-17],[-14,-16],[2,-14],[-7,-7],[-22,-21],[-28,15],[-9,4],[1,9],[-6,7],[-91,-67],[-31,13],[89,128],[82,50],[34,-4],[13,-1],[24,20],[28,30],[4,6],[13,22],[-12,-6],[-12,-6],[-30,-17],[-28,-18],[-26,13],[-25,24],[-16,14],[-91,-11],[-22,27],[125,124],[-43,70],[35,43],[63,16],[28,-14],[-2,7],[2,17],[16,-15],[14,0],[-4,3],[-1,1],[-17,17],[-6,21],[11,21],[17,5],[-16,20],[7,21],[0,33],[-27,-13],[-40,75],[17,44],[26,17],[6,10],[-31,-9],[-116,-33],[-52,20],[4,24],[19,53],[18,40],[-21,21],[-1,29],[9,13],[24,-5],[0,2],[-14,11],[-6,33],[-48,-107],[-50,-29],[8,147],[-48,43],[27,28],[16,86],[21,23],[-6,68],[49,89],[121,12],[-58,-148],[104,21],[56,11],[87,-39],[-50,-115],[-8,-18],[-17,-20],[-37,-10],[-22,-18],[32,-7],[2,0],[1,-2],[1,-2],[1,-3],[0,-3],[-1,-3],[-1,-2],[-1,-2],[-43,-29],[-1,0],[-1,0],[-1,0],[1,-1],[0,-1],[0,0],[0,-1],[0,0],[-1,0],[-1,1],[0,0],[-3,1],[0,0],[-1,0],[0,0],[-1,1],[-2,1],[-2,0],[-1,1],[-2,0],[-1,0],[-1,1],[-1,1],[-1,1],[-1,0],[0,0],[0,-1],[0,-1],[-1,0],[-1,0],[-1,2],[0,0],[-3,-1],[-2,-1],[-2,1],[-2,1],[-2,2],[-1,1],[-1,1],[-1,0],[0,0],[-2,2],[-1,2],[-2,1],[-1,0],[-1,-1],[0,0],[0,0],[0,1],[0,0],[-1,1],[-1,1],[-1,-1],[0,0],[0,-1],[0,-1],[0,0],[0,0],[0,1],[0,1],[1,0],[1,-1],[0,-1],[0,-1],[1,0],[1,0],[12,-12],[18,-4],[9,-1],[34,-8],[70,0],[33,-22],[14,-17],[10,-12],[16,-19],[7,-35],[9,-38],[10,-21],[1,-14],[11,-23],[3,-23],[41,-3],[57,-67],[2,-29],[14,-35],[-24,0],[-12,-7],[-28,-6],[30,1],[41,-27],[25,-48],[-15,-53],[14,-16],[48,18],[19,7],[38,-8],[34,-28],[7,-35],[-22,-71],[-46,-24],[-11,-35],[-19,-10],[-16,-7],[2,-19],[-9,2],[-13,-12],[-17,6],[-11,4],[-9,-2],[-9,0],[-3,1]],[[17720,23175],[0,0],[-4,-4],[-9,0],[2,-2],[9,2],[2,4]],[[17021,24172],[4,-16],[-18,-66],[-10,4],[8,47],[-8,44],[37,23],[-8,33],[19,39],[65,35],[10,-28],[-17,-46],[-49,-36],[-33,-33]],[[17065,24144],[34,22],[11,30],[35,-69],[-4,-48],[-17,9],[-15,-36],[-16,20],[25,37],[-13,18],[-35,0],[-5,17]],[[17590,24636],[10,19],[18,-11],[0,44],[27,0],[-29,-82],[-15,-21],[-11,51]],[[17457,24429],[-38,-57],[-20,17],[5,25],[36,40],[17,-25]],[[17136,23859],[-12,-8],[-29,26],[10,15],[36,11],[0,-26],[-5,-18]],[[17276,23475],[34,16],[12,-32],[-20,-23],[-26,39]],[[17580,24547],[9,22],[37,-22],[-22,-27],[-15,14],[-9,13]],[[17585,23041],[10,18],[25,-5],[0,-37],[-24,0],[-11,24]],[[16956,24284],[48,24],[-8,-43],[-33,4],[-7,15]],[[16861,24225],[49,-16],[-9,-29],[-34,18],[-6,27]],[[17457,24429],[-1,3],[18,23],[9,-35],[-19,-16],[-7,25]],[[17426,23540],[0,15],[9,17],[6,-29],[-15,-3]],[[17792,23180],[2,6],[11,-3],[4,-1],[0,-5],[-4,1],[-13,2]],[[1757,15760],[-9,-20],[-37,63],[-56,47],[36,-19],[50,-54],[16,-17]],[[285,19357],[-39,-20],[-7,10],[8,27],[23,7],[15,-24]],[[1987,14690],[1,-35],[-42,5],[16,34],[25,-4]],[[34151,17924],[13,-53],[-30,14],[-12,27],[29,12]],[[12473,9202],[-48,-112],[-107,-88],[-49,35],[-38,-7],[-31,-21],[-18,7],[-83,66],[-65,7],[-41,58],[-16,96],[28,78]],[[11687,16891],[14,50],[16,-13],[-5,-53],[-25,16]],[[10705,16674],[-58,-56],[32,-105],[125,80],[10,99],[20,27],[16,-26],[-3,-67],[70,-10],[62,-44],[29,-90],[33,-26],[162,17],[55,-57],[68,-27],[97,52],[27,40],[133,2],[9,-9],[-37,-31],[31,-76],[107,-46],[43,-57],[17,-107],[68,-25]],[[11440,16579],[16,-47],[-16,-16],[-29,-2],[-28,23],[26,25],[11,-21],[20,38]],[[11477,17288],[-9,-29],[-21,56],[21,23],[9,-50]],[[11345,17757],[26,10],[12,-16],[-18,-22],[-20,28]],[[11321,17619],[6,35],[30,4],[8,-27],[-44,-12]],[[28372,18265],[-29,-29],[-29,-88],[-61,4],[-32,-95],[-58,-91],[-19,-129],[106,-264],[157,-238],[52,-111],[47,-383],[-31,-210],[-159,-174],[-65,-21],[-33,-129],[-145,-150],[-14,114],[14,98],[-54,73]],[[27984,16421],[-7,-19],[-9,17],[5,26],[11,-24]],[[34164,12250],[13,-1],[3,33],[13,1],[17,-100],[-6,-29],[-17,20],[-27,-4],[-12,41],[2,24],[-13,64],[7,32],[14,-29],[6,-52]],[[34260,12027],[-32,-4],[-9,51],[-19,23],[3,28],[38,-51],[19,-47]],[[34338,11835],[-19,-23],[-25,30],[21,37],[23,-44]],[[34414,11630],[-16,-6],[-19,19],[3,34],[16,-3],[16,-44]],[[34248,12414],[-10,-49],[-24,6],[10,46],[24,-3]],[[34312,12051],[-13,-8],[-25,30],[22,33],[16,-55]],[[34158,12586],[-20,-35],[-13,28],[4,23],[26,4],[3,-20]],[[34320,11980],[-26,-10],[-10,32],[7,19],[26,-17],[3,-24]],[[34282,12209],[-15,-22],[-24,17],[18,29],[18,3],[3,-27]],[[34432,11521],[-9,-18],[-27,45],[10,32],[26,-59]],[[34242,12455],[-13,-29],[-17,40],[17,36],[13,-47]],[[391,12556],[-23,-36],[-7,35],[12,42],[18,-41]],[[11105,22139],[28,-46],[-127,-108],[-11,-10],[-154,-70],[-36,-70],[-35,-69],[-10,-71],[3,-24],[17,-74],[-14,-52],[-201,-51],[-15,-19],[5,-48],[-114,-50],[-16,-114],[-35,-73],[-27,-34],[-47,-6],[9,-112],[-44,-127],[-46,104],[-12,119],[-15,15],[0,-303],[43,-124],[2,-141],[-46,-67],[-28,-91],[-220,-186],[-173,-233],[-41,-95],[-31,-125],[4,-86],[75,-292],[41,-255],[-3,-188],[-34,-105],[-56,24],[-103,202],[-57,201],[-11,202],[-97,149],[-45,11],[-84,-37],[-104,82],[-190,36],[-136,-54],[-9,-26],[23,-22],[-28,-62],[-36,-12],[-75,-24],[-26,11],[-83,36],[-15,30],[-40,-19],[-93,30],[-137,-28],[-50,-99],[-172,-150],[-27,-83],[-8,-110],[24,-159]],[[6194,20065],[-53,142],[-186,158],[-97,35],[-21,94],[-104,183],[-9,91],[-46,67],[-18,103],[-105,164],[-25,145],[-45,94],[20,187],[-24,143],[-12,87],[12,77],[22,150],[14,275],[-55,349],[27,33],[132,-3],[13,128]],[[4924,23897],[0,-1],[0,0],[-1,-1],[-1,0],[0,-2],[-2,-3],[-1,-2],[-2,-5],[-3,-1],[-1,-1],[-1,0],[-1,-3],[-2,-4],[-1,-3],[1,-2],[0,-2],[0,-3],[2,-4],[2,-3],[0,-5],[-1,-2],[-1,-3],[0,-2],[1,-5],[0,-3],[2,-4],[0,-2],[1,-3],[4,-40],[-37,-63],[-8,0],[-1,0],[0,-1],[1,0],[0,-1],[1,-3],[-1,-2],[0,-1],[-1,-1],[0,0],[0,-1]],[[4873,23715],[-11,-9],[-75,51],[-58,89],[-21,-2],[7,-76],[-26,-44],[-47,11],[-64,90],[-20,111],[-33,18],[-13,49],[13,50],[42,46],[-1,58],[-19,19],[-63,-54],[-31,161],[-28,59],[-36,-46],[-113,0],[-262,161],[-72,71],[-567,85],[-114,90],[-81,11],[-55,-27],[24,-55],[-20,-59],[-319,-117],[-11,125],[38,90],[58,55],[-15,27],[-84,-43],[-216,-240],[-11,-42],[25,-72],[-80,-101],[-151,-98],[-70,-80],[-152,-96],[-77,-82],[-133,-60],[-28,-44],[-72,22],[-57,-53],[-64,-10],[-7,46],[56,56],[138,45],[218,177],[69,100],[41,155],[-101,30],[-65,-33],[-117,57],[-65,-41],[-48,4],[-34,45],[-21,116],[-28,49],[-175,0],[-73,57],[-95,196],[20,106],[120,151],[116,11],[198,88],[20,49],[-8,102],[-195,-30],[-64,23],[-170,-7],[-81,32],[-93,147],[265,150],[124,-69],[113,-2],[58,37],[-36,83],[-154,45],[-95,90],[-156,95],[-19,53],[17,33],[219,65],[151,160],[230,97],[176,26],[147,64],[55,-10],[45,-47],[237,-7],[179,-69],[279,-13],[345,-61],[180,12],[217,-75]],[[2701,24242],[2,-17],[23,0],[1,-68],[-139,-64],[13,-33],[-24,-31],[-18,7],[21,36],[-4,16],[-51,-23],[-14,11],[-19,65],[33,35],[58,-11],[-6,43],[41,-11],[12,24],[-7,20],[48,53],[34,48],[2,-34],[35,-18],[0,-17],[-41,-31]],[[4469,23972],[-28,0],[-48,87],[-3,21],[-37,4],[-7,60],[-66,86],[49,46],[44,-3],[68,-43],[1,-86],[19,-85],[8,-87]],[[2413,17869],[-13,-33],[-24,16],[-1,49],[-17,66],[23,48],[-1,40],[56,-41],[19,-28],[-1,-19],[28,-34],[-16,-29],[-53,-35]],[[956,25170],[24,-33],[51,-18],[70,-10],[-3,-27],[-51,1],[-38,-32],[-10,23],[-42,15],[-33,29],[-46,9],[-31,-16],[-33,7],[-11,19],[5,24],[26,5],[63,-14],[25,15],[34,3]],[[1659,23767],[4,-34],[-17,-36],[-29,-13],[-51,1],[-24,-25],[-29,-13],[-19,5],[-10,26],[24,13],[14,37],[33,2],[32,22],[35,3],[17,-11],[20,23]],[[1415,24562],[-65,-33],[-83,50],[-3,9],[4,8],[75,31],[62,-11],[10,-54]],[[1340,23527],[-64,-35],[-7,7],[5,65],[27,17],[40,-38],[-1,-16]],[[1139,23421],[-31,-8],[-6,17],[62,76],[16,-21],[-31,-38],[-10,-26]],[[2308,18179],[9,-21],[24,8],[26,-25],[-5,-25],[-35,-14],[-9,37],[-25,25],[15,15]],[[2289,18129],[-24,-10],[-8,42],[10,23],[-34,12],[2,26],[48,-21],[-6,-25],[12,-47]],[[2200,18226],[-43,-2],[-16,44],[29,22],[30,-64]],[[2038,18331],[-13,-17],[-36,27],[22,37],[29,-8],[-2,-39]],[[34790,23412],[1,-27],[-26,-8],[-14,24],[-17,-4],[6,22],[50,-7]],[[590,23276],[-44,0],[-6,9],[15,23],[29,8],[6,-40]],[[971,24081],[-20,-15],[-36,13],[12,20],[36,-4],[8,-14]],[[3214,24543],[-31,-8],[-12,13],[39,37],[4,-42]],[[406,23249],[-34,-12],[-8,34],[28,12],[14,-34]],[[1383,24824],[-9,-31],[-13,7],[-9,32],[5,18],[18,-5],[8,-21]],[[2558,23995],[-19,-22],[-21,27],[22,31],[18,-36]],[[346,23218],[-26,-21],[-18,30],[21,22],[23,-31]],[[35242,23243],[-28,-16],[-9,19],[15,44],[22,-47]],[[3254,24600],[-29,-25],[0,49],[28,8],[1,-32]],[[10854,21561],[-12,-28],[-30,43],[22,17],[20,-32]],[[9733,18771],[-27,-12],[-21,15],[24,34],[24,-37]],[[1238,23455],[-25,-5],[-14,20],[4,15],[38,0],[-3,-30]],[[1401,23599],[-7,-16],[-23,2],[-9,18],[18,23],[13,-1],[8,-26]],[[2025,23763],[-23,-25],[-9,25],[4,25],[26,3],[2,-28]],[[5912,20280],[-13,-8],[-22,35],[39,18],[-4,-45]],[[218,23222],[-13,-29],[-23,6],[6,47],[30,-24]],[[35451,23254],[-27,-30],[-26,20],[32,26],[21,-16]],[[8960,19526],[-21,-35],[-17,33],[15,28],[23,-26]],[[1753,23638],[-48,-6],[1,32],[42,-6],[5,-20]],[[774,12492],[-39,-25],[-22,44],[47,20],[14,-39]],[[834,12453],[-5,-21],[-33,5],[-11,22],[19,14],[30,-20]],[[28815,17485],[-20,-24],[-17,44],[13,10],[24,-12],[0,-18]],[[28711,17342],[-23,-49],[-19,24],[10,25],[32,0]],[[28972,16535],[7,33],[10,6],[19,-37],[-16,-20],[-20,18]],[[25506,20206],[-19,45],[2,62],[17,18],[0,35],[-24,24],[-37,18],[-10,21],[-28,121]],[[25538,20063],[-10,109]],[[21240,18526],[20,-56],[104,-131]]],"transform":{"scale":[0.010151636957278215,0.006101884323534585],"translate":[-180.00000000000003,-89.90000149999997]},"objects":{"world-countries":{"type":"GeometryCollection","geometries":[{"arcs":[[[0]],[[1]],[[2]],[[3]],[[4]],[[5]],[[6]],[[7]],[[8]],[[9]],[[10]],[[11]],[[12]],[[13]],[[14]],[[15]],[[16]],[[17]],[[18]],[[19]],[[20]],[[21]],[[22]],[[23]],[[24]],[[25]],[[26]],[[27]],[[28]],[[29]],[[30]],[[31]],[[32]],[[33]],[[34]],[[35]],[[36]],[[37]],[[38]],[[39]],[[40]],[[41]],[[42]],[[43]],[[44]],[[45]],[[46]],[[47]],[[48]],[[49]],[[50]],[[51]],[[52]],[[53]],[[54]],[[55]]],"type":"MultiPolygon","properties":{"CNTR_ID":"AQ","CNTR_NAME":"Antarctica","NAME_ENGL":"Antarctica","NAME_FREN":"Antarctique","ISO3_CODE":"ATA","SVRG_UN":"Sovereignty unsettled","CAPT":null,"STAT_CODE":"OA","EU_STAT":"F","EFTA_STAT":"F","CC_STAT":"F","NAME_GERM":"Antarktis"}},{"arcs":[[56]],"type":"Polygon","properties":{"CNTR_ID":"BV","CNTR_NAME":"Bouvetøya","NAME_ENGL":"Bouvet Island","NAME_FREN":"Île Bouvet","ISO3_CODE":"BVT","SVRG_UN":"NO Territory","CAPT":null,"STAT_CODE":"OA","EU_STAT":"F","EFTA_STAT":"F","CC_STAT":"F","NAME_GERM":"Bouvetinsel"}},{"arcs":[[57,58,59,60]],"type":"Polygon","properties":{"CNTR_ID":"BW","CNTR_NAME":"Botswana-Botswana","NAME_ENGL":"Botswana","NAME_FREN":"Botswana","ISO3_CODE":"BWA","SVRG_UN":"UN Member State","CAPT":"Gaborone","STAT_CODE":"OA","EU_STAT":"F","EFTA_STAT":"F","CC_STAT":"F","NAME_GERM":"Botsuana"}},{"arcs":[[61,62,63,64,65]],"type":"Polygon","properties":{"CNTR_ID":"BY","CNTR_NAME":"Беларусь","NAME_ENGL":"Belarus","NAME_FREN":"Biélorussie","ISO3_CODE":"BLR","SVRG_UN":"UN Member State","CAPT":"Minsk","STAT_CODE":"OA","EU_STAT":"F","EFTA_STAT":"F","CC_STAT":"F","NAME_GERM":"Belarus"}},{"arcs":[[[66,67,68]],[[69]]],"type":"MultiPolygon","properties":{"CNTR_ID":"BZ","CNTR_NAME":"Belize","NAME_ENGL":"Belize","NAME_FREN":"Belize","ISO3_CODE":"BLZ","SVRG_UN":"UN Member State","CAPT":"Belmopan","STAT_CODE":"OA","EU_STAT":"F","EFTA_STAT":"F","CC_STAT":"F","NAME_GERM":"Belize"}},{"arcs":[[70,71,72,73,74,75,76,77,78,79]],"type":"Polygon","properties":{"CNTR_ID":"IR","CNTR_NAME":"ایران","NAME_ENGL":"Iran","NAME_FREN":"Iran","ISO3_CODE":"IRN","SVRG_UN":"UN Member State","CAPT":"Tehran","STAT_CODE":"OA","EU_STAT":"F","EFTA_STAT":"F","CC_STAT":"F","NAME_GERM":"Iran"}},{"arcs":[[[80,81,82,83,84],[85],[86]],[[87]],[[88]],[[89]]],"type":"MultiPolygon","properties":{"CNTR_ID":"IT","CNTR_NAME":"Italia","NAME_ENGL":"Italy","NAME_FREN":"Italie","ISO3_CODE":"ITA","SVRG_UN":"UN Member State","CAPT":"Rome","STAT_CODE":"OA","EU_STAT":"T","EFTA_STAT":"F","CC_STAT":"F","NAME_GERM":"Italien"}},{"arcs":[[90]],"type":"Polygon","properties":{"CNTR_ID":"JE","CNTR_NAME":"Jersey-Jersey","NAME_ENGL":"Jersey","NAME_FREN":"Jersey","ISO3_CODE":"JEY","SVRG_UN":"UK Territory","CAPT":"St. Helier","STAT_CODE":"OA","EU_STAT":"F","EFTA_STAT":"F","CC_STAT":"F","NAME_GERM":"Jersey"}},{"arcs":[[91]],"type":"Polygon","properties":{"CNTR_ID":"JM","CNTR_NAME":"Jamaica","NAME_ENGL":"Jamaica","NAME_FREN":"Jamaïque","ISO3_CODE":"JAM","SVRG_UN":"UN Member State","CAPT":"Kingston","STAT_CODE":"OA","EU_STAT":"F","EFTA_STAT":"F","CC_STAT":"F","NAME_GERM":"Jamaika"}},{"arcs":[[92,93,94,95,96,97,98]],"type":"Polygon","properties":{"CNTR_ID":"JO","CNTR_NAME":"الأردن","NAME_ENGL":"Jordan","NAME_FREN":"Jordanie","ISO3_CODE":"JOR","SVRG_UN":"UN Member State","CAPT":"Amman","STAT_CODE":"OA","EU_STAT":"F","EFTA_STAT":"F","CC_STAT":"F","NAME_GERM":"Jordanien"}},{"arcs":[[[99]],[[100]],[[101]],[[102]],[[103]],[[104]],[[105]],[[106]],[[107]],[[108]],[[109]],[[110]],[[111]],[[112]],[[113]]],"type":"MultiPolygon","properties":{"CNTR_ID":"JP","CNTR_NAME":"日本","NAME_ENGL":"Japan","NAME_FREN":"Japon","ISO3_CODE":"JPN","SVRG_UN":"UN Member State","CAPT":"Tokyo","STAT_CODE":"OA","EU_STAT":"F","EFTA_STAT":"F","CC_STAT":"F","NAME_GERM":"Japan"}},{"arcs":[[114,115,116,117,118,119,120,121]],"type":"Polygon","properties":{"CNTR_ID":"KE","CNTR_NAME":"Kenya-Kenya","NAME_ENGL":"Kenya","NAME_FREN":"Kenya","ISO3_CODE":"KEN","SVRG_UN":"UN Member State","CAPT":"Nairobi","STAT_CODE":"OA","EU_STAT":"F","EFTA_STAT":"F","CC_STAT":"F","NAME_GERM":"Kenia"}},{"arcs":[[122,123,124,125]],"type":"Polygon","properties":{"CNTR_ID":"KG","CNTR_NAME":"Kırgızstan-Кыргызстан","NAME_ENGL":"Kyrgyzstan","NAME_FREN":"Kirghizstan","ISO3_CODE":"KGZ","SVRG_UN":"UN Member State","CAPT":"Bishkek","STAT_CODE":"OA","EU_STAT":"F","EFTA_STAT":"F","CC_STAT":"F","NAME_GERM":"Kirgisistan"}},{"arcs":[[126,127,128,129]],"type":"Polygon","properties":{"CNTR_ID":"KH","CNTR_NAME":"កម្ពុជា","NAME_ENGL":"Cambodia","NAME_FREN":"Cambodge","ISO3_CODE":"KHM","SVRG_UN":"UN Member State","CAPT":"Phnom Penh","STAT_CODE":"OA","EU_STAT":"F","EFTA_STAT":"F","CC_STAT":"F","NAME_GERM":"Kambodscha"}},{"arcs":[[[130]],[[131]],[[132]],[[133]],[[134]],[[135]],[[136]],[[137]],[[138]],[[139]],[[140]],[[141]],[[142]],[[143]],[[144]],[[145]],[[146]],[[147]],[[148]]],"type":"MultiPolygon","properties":{"CNTR_ID":"AU","CNTR_NAME":"Australia","NAME_ENGL":"Australia","NAME_FREN":"Australie","ISO3_CODE":"AUS","SVRG_UN":"UN Member State","CAPT":"Canberra","STAT_CODE":"OA","EU_STAT":"F","EFTA_STAT":"F","CC_STAT":"F","NAME_GERM":"Australien"}},{"arcs":[[149]],"type":"Polygon","properties":{"CNTR_ID":"AW","CNTR_NAME":"Aruba-Aruba","NAME_ENGL":"Aruba","NAME_FREN":"Aruba","ISO3_CODE":"ABW","SVRG_UN":"NL Self-Governing Territory","CAPT":"Oranjestad","STAT_CODE":"OA","EU_STAT":"F","EFTA_STAT":"F","CC_STAT":"F","NAME_GERM":"Aruba"}},{"arcs":[[[-71,150,151]],[[152,-73,153,154,155]]],"type":"MultiPolygon","properties":{"CNTR_ID":"AZ","CNTR_NAME":"Azərbaycan","NAME_ENGL":"Azerbaijan","NAME_FREN":"Azerbaïdjan","ISO3_CODE":"AZE","SVRG_UN":"UN Member State","CAPT":"Baku","STAT_CODE":"OA","EU_STAT":"F","EFTA_STAT":"F","CC_STAT":"F","NAME_GERM":"Aserbaidschan"}},{"arcs":[[156,157,158]],"type":"Polygon","properties":{"CNTR_ID":"BA","CNTR_NAME":"Bosna I Hercegovina-Bosna I Hercegovina-Босна И Херцеговина","NAME_ENGL":"Bosnia and Herzegovina","NAME_FREN":"Bosnie-et-Herzégovine","ISO3_CODE":"BIH","SVRG_UN":"UN Member State","CAPT":"Sarajevo","STAT_CODE":"OA","EU_STAT":"F","EFTA_STAT":"F","CC_STAT":"T","NAME_GERM":"Bosnien und Herzegowina"}},{"arcs":[[159]],"type":"Polygon","properties":{"CNTR_ID":"BB","CNTR_NAME":"Barbados","NAME_ENGL":"Barbados","NAME_FREN":"Barbade","ISO3_CODE":"BRB","SVRG_UN":"UN Member State","CAPT":"Bridgetown","STAT_CODE":"OA","EU_STAT":"F","EFTA_STAT":"F","CC_STAT":"F","NAME_GERM":"Barbados"}},{"arcs":[[160,161,162]],"type":"Polygon","properties":{"CNTR_ID":"BD","CNTR_NAME":"People’S Republic of Bangladesh","NAME_ENGL":"Bangladesh","NAME_FREN":"Bangladesh","ISO3_CODE":"BGD","SVRG_UN":"UN Member State","CAPT":"Dhaka","STAT_CODE":"OA","EU_STAT":"F","EFTA_STAT":"F","CC_STAT":"F","NAME_GERM":"Bangladesch"}},{"arcs":[[163,164,165,166,167,168,169]],"type":"Polygon","properties":{"CNTR_ID":"BE","CNTR_NAME":"Belgien-Belgique-België","NAME_ENGL":"Belgium","NAME_FREN":"Belgique","ISO3_CODE":"BEL","SVRG_UN":"UN Member State","CAPT":"Brussels","STAT_CODE":"OA","EU_STAT":"T","EFTA_STAT":"F","CC_STAT":"F","NAME_GERM":"Belgien"}},{"arcs":[[170,171,172,173,174,175]],"type":"Polygon","properties":{"CNTR_ID":"BF","CNTR_NAME":"Burkina Faso","NAME_ENGL":"Burkina Faso","NAME_FREN":"Burkina","ISO3_CODE":"BFA","SVRG_UN":"UN Member State","CAPT":"Ouagadougou","STAT_CODE":"OA","EU_STAT":"F","EFTA_STAT":"F","CC_STAT":"F","NAME_GERM":"Burkina Faso"}},{"arcs":[[176,177,178,179,180,181]],"type":"Polygon","properties":{"CNTR_ID":"BG","CNTR_NAME":"България","NAME_ENGL":"Bulgaria","NAME_FREN":"Bulgarie","ISO3_CODE":"BGR","SVRG_UN":"UN Member State","CAPT":"Sofia","STAT_CODE":"OA","EU_STAT":"T","EFTA_STAT":"F","CC_STAT":"F","NAME_GERM":"Bulgarien"}},{"arcs":[[182]],"type":"Polygon","properties":{"CNTR_ID":"BH","CNTR_NAME":"مملكة البحرين","NAME_ENGL":"Bahrain","NAME_FREN":"Bahreïn","ISO3_CODE":"BHR","SVRG_UN":"UN Member State","CAPT":"Manama","STAT_CODE":"OA","EU_STAT":"F","EFTA_STAT":"F","CC_STAT":"F","NAME_GERM":"Bahrain"}},{"arcs":[[183,184,185]],"type":"Polygon","properties":{"CNTR_ID":"BI","CNTR_NAME":"Burundi-Burundi","NAME_ENGL":"Burundi","NAME_FREN":"Burundi","ISO3_CODE":"BDI","SVRG_UN":"UN Member State","CAPT":"Gitega","STAT_CODE":"OA","EU_STAT":"F","EFTA_STAT":"F","CC_STAT":"F","NAME_GERM":"Burundi"}},{"arcs":[[186,187,188,-172,189]],"type":"Polygon","properties":{"CNTR_ID":"BJ","CNTR_NAME":"Bénin","NAME_ENGL":"Benin","NAME_FREN":"Bénin","ISO3_CODE":"BEN","SVRG_UN":"UN Member State","CAPT":"Porto-Novo (constitutional)","STAT_CODE":"OA","EU_STAT":"F","EFTA_STAT":"F","CC_STAT":"F","NAME_GERM":"Benin"}},{"arcs":[[190]],"type":"Polygon","properties":{"CNTR_ID":"BL","CNTR_NAME":"Saint-Barthélemy","NAME_ENGL":"Saint Barthélemy","NAME_FREN":"Saint-Barthélemy","ISO3_CODE":"BLM","SVRG_UN":"FR Territory","CAPT":"Gustavia","STAT_CODE":"OA","EU_STAT":"F","EFTA_STAT":"F","CC_STAT":"F","NAME_GERM":"St. Barthélemy"}},{"arcs":[[191]],"type":"Polygon","properties":{"CNTR_ID":"BM","CNTR_NAME":"Bermuda","NAME_ENGL":"Bermuda","NAME_FREN":"Bermudes","ISO3_CODE":"BMU","SVRG_UN":"UK Non-Self-Governing Territory","CAPT":"Hamilton","STAT_CODE":"OA","EU_STAT":"F","EFTA_STAT":"F","CC_STAT":"F","NAME_GERM":"Bermuda"}},{"arcs":[[192,193],[194]],"type":"Polygon","properties":{"CNTR_ID":"BN","CNTR_NAME":"Brunei","NAME_ENGL":"Brunei","NAME_FREN":"Brunei","ISO3_CODE":"BRN","SVRG_UN":"UN Member State","CAPT":"Bandar Seri Begawan","STAT_CODE":"OA","EU_STAT":"F","EFTA_STAT":"F","CC_STAT":"F","NAME_GERM":"Brunei"}},{"arcs":[[195,196,197,198,199]],"type":"Polygon","properties":{"CNTR_ID":"BO","CNTR_NAME":"Wuliwya-Volívia-Bulivya-Bolivia","NAME_ENGL":"Bolivia","NAME_FREN":"Bolivie","ISO3_CODE":"BOL","SVRG_UN":"UN Member State","CAPT":"La Paz  (adm.)","STAT_CODE":"OA","EU_STAT":"F","EFTA_STAT":"F","CC_STAT":"F","NAME_GERM":"Bolivien"}},{"arcs":[[[200,201,202,203,204,-198]],[[205]],[[206]],[[207]],[[208]],[[209]],[[210]],[[211]],[[212]]],"type":"MultiPolygon","properties":{"CNTR_ID":"CL","CNTR_NAME":"Chile","NAME_ENGL":"Chile","NAME_FREN":"Chili","ISO3_CODE":"CHL","SVRG_UN":"UN Member State","CAPT":"Santiago","STAT_CODE":"OA","EU_STAT":"F","EFTA_STAT":"F","CC_STAT":"F","NAME_GERM":"Chile"}},{"arcs":[[213,214,215,216,217,218,219]],"type":"Polygon","properties":{"CNTR_ID":"CM","CNTR_NAME":"Cameroon-Cameroun","NAME_ENGL":"Cameroon","NAME_FREN":"Cameroun","ISO3_CODE":"CMR","SVRG_UN":"UN Member State","CAPT":"Yaoundé","STAT_CODE":"OA","EU_STAT":"F","EFTA_STAT":"F","CC_STAT":"F","NAME_GERM":"Kamerun"}},{"arcs":[[[220,221,222,223,224,225,226,227,228,229,230,231,232,233,234,235,236,237,238,239,240,241,242,243,244,245,246,-123,247,248,249,250]],[[251]],[[252]],[[253]],[[254]],[[255]]],"type":"MultiPolygon","properties":{"CNTR_ID":"CN","CNTR_NAME":"中國","NAME_ENGL":"China","NAME_FREN":"Chine","ISO3_CODE":"CHN","SVRG_UN":"UN Member State","CAPT":"Beijing","STAT_CODE":"OA","EU_STAT":"F","EFTA_STAT":"F","CC_STAT":"F","NAME_GERM":"China"}},{"arcs":[[[256,257,258,259,260,261,262]],[[263]]],"type":"MultiPolygon","properties":{"CNTR_ID":"CO","CNTR_NAME":"Colombia","NAME_ENGL":"Colombia","NAME_FREN":"Colombie","ISO3_CODE":"COL","SVRG_UN":"UN Member State","CAPT":"Bogotá","STAT_CODE":"OA","EU_STAT":"F","EFTA_STAT":"F","CC_STAT":"F","NAME_GERM":"Kolumbien"}},{"arcs":[[264]],"type":"Polygon","properties":{"CNTR_ID":"CP","CNTR_NAME":"Île Clipperton","NAME_ENGL":"Clipperton Island","NAME_FREN":"Île Clipperton","ISO3_CODE":"CPT","SVRG_UN":"FR Territory","CAPT":null,"STAT_CODE":"ER","EU_STAT":"F","EFTA_STAT":"F","CC_STAT":"F","NAME_GERM":"Clipperton Insel"}},{"arcs":[[[265,266,267,268]],[[269]]],"type":"MultiPolygon","properties":{"CNTR_ID":"CR","CNTR_NAME":"Costa Rica","NAME_ENGL":"Costa Rica","NAME_FREN":"Costa Rica","ISO3_CODE":"CRI","SVRG_UN":"UN Member State","CAPT":"San José","STAT_CODE":"OA","EU_STAT":"F","EFTA_STAT":"F","CC_STAT":"F","NAME_GERM":"Costa Rica"}},{"arcs":[[[270]],[[271]],[[272]]],"type":"MultiPolygon","properties":{"CNTR_ID":"CU","CNTR_NAME":"Cuba","NAME_ENGL":"Cuba","NAME_FREN":"Cuba","ISO3_CODE":"CUB","SVRG_UN":"UN Member State","CAPT":"Havana","STAT_CODE":"OA","EU_STAT":"F","EFTA_STAT":"F","CC_STAT":"F","NAME_GERM":"Kuba"}},{"arcs":[[[273]],[[274]],[[275]],[[276]],[[277]]],"type":"MultiPolygon","properties":{"CNTR_ID":"CV","CNTR_NAME":"Cabo Verde","NAME_ENGL":"Cape Verde","NAME_FREN":"Cap-Vert","ISO3_CODE":"CPV","SVRG_UN":"UN Member State","CAPT":"Praia","STAT_CODE":"OA","EU_STAT":"F","EFTA_STAT":"F","CC_STAT":"F","NAME_GERM":"Cabo Verde"}},{"arcs":[[278,279]],"type":"Polygon","properties":{"CNTR_ID":"AD","CNTR_NAME":"Andorra","NAME_ENGL":"Andorra","NAME_FREN":"Andorre","ISO3_CODE":"AND","SVRG_UN":"UN Member State","CAPT":"Andorra la Vella","STAT_CODE":"OA","EU_STAT":"F","EFTA_STAT":"F","CC_STAT":"F","NAME_GERM":"Andorra"}},{"arcs":[[280,281,282,283,284]],"type":"Polygon","properties":{"CNTR_ID":"AE","CNTR_NAME":"الإمارات العربية المتحدة","NAME_ENGL":"United Arab Emirates","NAME_FREN":"Émirats arabes unis","ISO3_CODE":"ARE","SVRG_UN":"UN Member State","CAPT":"Abu Dhabi","STAT_CODE":"OA","EU_STAT":"F","EFTA_STAT":"F","CC_STAT":"F","NAME_GERM":"Vereinigten Arabischen Emirate"}},{"arcs":[[-246,285,286,-76,287,288,289]],"type":"Polygon","properties":{"CNTR_ID":"AF","CNTR_NAME":"افغانستان-افغانستان","NAME_ENGL":"Afghanistan","NAME_FREN":"Afghanistan","ISO3_CODE":"AFG","SVRG_UN":"UN Member State","CAPT":"Kabul","STAT_CODE":"OA","EU_STAT":"F","EFTA_STAT":"F","CC_STAT":"F","NAME_GERM":"Afghanistan"}},{"arcs":[[290]],"type":"Polygon","properties":{"CNTR_ID":"AG","CNTR_NAME":"Antigua and Barbuda","NAME_ENGL":"Antigua and Barbuda","NAME_FREN":"Antigua-et-Barbuda","ISO3_CODE":"ATG","SVRG_UN":"UN Member State","CAPT":"St John's","STAT_CODE":"OA","EU_STAT":"F","EFTA_STAT":"F","CC_STAT":"F","NAME_GERM":"Antigua und Barbuda"}},{"arcs":[[291]],"type":"Polygon","properties":{"CNTR_ID":"AI","CNTR_NAME":"Anguilla","NAME_ENGL":"Anguilla","NAME_FREN":"Anguilla","ISO3_CODE":"AIA","SVRG_UN":"UK Non-Self-Governing Territory","CAPT":"The Valley","STAT_CODE":"OA","EU_STAT":"F","EFTA_STAT":"F","CC_STAT":"F","NAME_GERM":"Anguilla"}},{"arcs":[[292,293,294,295,296]],"type":"Polygon","properties":{"CNTR_ID":"AL","CNTR_NAME":"Shqipëria","NAME_ENGL":"Albania","NAME_FREN":"Albanie","ISO3_CODE":"ALB","SVRG_UN":"UN Member State","CAPT":"Tirana","STAT_CODE":"OA","EU_STAT":"F","EFTA_STAT":"F","CC_STAT":"T","NAME_GERM":"Albanien"}},{"arcs":[[-72,-152,297,298,-154]],"type":"Polygon","properties":{"CNTR_ID":"AM","CNTR_NAME":"Հայաստան","NAME_ENGL":"Armenia","NAME_FREN":"Arménie","ISO3_CODE":"ARM","SVRG_UN":"UN Member State","CAPT":"Yerevan","STAT_CODE":"OA","EU_STAT":"F","EFTA_STAT":"F","CC_STAT":"F","NAME_GERM":"Armenien"}},{"arcs":[[[299,300,301,302]],[[303,304,305]]],"type":"MultiPolygon","properties":{"CNTR_ID":"AO","CNTR_NAME":"Angola","NAME_ENGL":"Angola","NAME_FREN":"Angola","ISO3_CODE":"AGO","SVRG_UN":"UN Member State","CAPT":"Luanda","STAT_CODE":"OA","EU_STAT":"F","EFTA_STAT":"F","CC_STAT":"F","NAME_GERM":"Angola"}},{"arcs":[[[306,307,308,309,-201,-197]],[[-203,310]],[[311]],[[312]]],"type":"MultiPolygon","properties":{"CNTR_ID":"AR","CNTR_NAME":"Argentina","NAME_ENGL":"Argentina","NAME_FREN":"Argentine","ISO3_CODE":"ARG","SVRG_UN":"UN Member State","CAPT":"Buenos Aires","STAT_CODE":"OA","EU_STAT":"F","EFTA_STAT":"F","CC_STAT":"F","NAME_GERM":"Argentinien"}},{"arcs":[[313]],"type":"Polygon","properties":{"CNTR_ID":"AS","CNTR_NAME":"American Samoa-Sāmoa Amelika","NAME_ENGL":"American Samoa","NAME_FREN":"Samoa américaines","ISO3_CODE":"ASM","SVRG_UN":"US Non-Self-Governing Territory","CAPT":"Pago Pago","STAT_CODE":"OA","EU_STAT":"F","EFTA_STAT":"F","CC_STAT":"F","NAME_GERM":"Amerikanisch-Samoa"}},{"arcs":[[314,315,316,-85,317,318,319,320,321]],"type":"Polygon","properties":{"CNTR_ID":"AT","CNTR_NAME":"Österreich","NAME_ENGL":"Austria","NAME_FREN":"Autriche","ISO3_CODE":"AUT","SVRG_UN":"UN Member State","CAPT":"Vienna","STAT_CODE":"OA","EU_STAT":"T","EFTA_STAT":"F","CC_STAT":"F","NAME_GERM":"Österreich"}},{"arcs":[[322]],"type":"Polygon","properties":{"CNTR_ID":"BQ","CNTR_NAME":"Bonaire, Sint Eustatius and Saba","NAME_ENGL":"Bonaire, Sint Eustatius and Saba","NAME_FREN":"Bonaire, Saint-Eustache et Saba","ISO3_CODE":"BES","SVRG_UN":"NL Non-Self-Governing Territory","CAPT":null,"STAT_CODE":"OA","EU_STAT":"F","EFTA_STAT":"F","CC_STAT":"F","NAME_GERM":"Bonaire, Sint Eustatius und Saba"}},{"arcs":[[[323,324,325,326,-308,327,-200,328,-257,329,330]],[[331]],[[332]],[[333]]],"type":"MultiPolygon","properties":{"CNTR_ID":"BR","CNTR_NAME":"Brasil","NAME_ENGL":"Brazil","NAME_FREN":"Brésil","ISO3_CODE":"BRA","SVRG_UN":"UN Member State","CAPT":"Brasília","STAT_CODE":"OA","EU_STAT":"F","EFTA_STAT":"F","CC_STAT":"F","NAME_GERM":"Brasilien"}},{"arcs":[[[334]],[[335]],[[336]],[[337]],[[338]],[[339]],[[340]],[[341]],[[342]],[[343]]],"type":"MultiPolygon","properties":{"CNTR_ID":"BS","CNTR_NAME":"Bahamas","NAME_ENGL":"Bahamas","NAME_FREN":"Bahamas","ISO3_CODE":"BHS","SVRG_UN":"UN Member State","CAPT":"Nassau","STAT_CODE":"OA","EU_STAT":"F","EFTA_STAT":"F","CC_STAT":"F","NAME_GERM":"Bahamas"}},{"arcs":[[344,345,-231]],"type":"Polygon","properties":{"CNTR_ID":"BT","CNTR_NAME":"Kingdom of Bhutan","NAME_ENGL":"Bhutan","NAME_FREN":"Bhoutan","ISO3_CODE":"BTN","SVRG_UN":"UN Member State","CAPT":"Thimphu","STAT_CODE":"OA","EU_STAT":"F","EFTA_STAT":"F","CC_STAT":"F","NAME_GERM":"Bhutan"}},{"arcs":[[[346]],[[347]],[[348]]],"type":"MultiPolygon","properties":{"CNTR_ID":"KM","CNTR_NAME":"جزر القمر-Comores-Komori","NAME_ENGL":"Comoros","NAME_FREN":"Comores","ISO3_CODE":"COM","SVRG_UN":"UN Member State","CAPT":"Moroni","STAT_CODE":"OA","EU_STAT":"F","EFTA_STAT":"F","CC_STAT":"F","NAME_GERM":"Komoren"}},{"arcs":[[349]],"type":"Polygon","properties":{"CNTR_ID":"KN","CNTR_NAME":"Saint Kitts and Nevis","NAME_ENGL":"Saint Kitts and Nevis","NAME_FREN":"Saint-Christophe-et-Niévès","ISO3_CODE":"KNA","SVRG_UN":"UN Member State","CAPT":"Basseterre","STAT_CODE":"OA","EU_STAT":"F","EFTA_STAT":"F","CC_STAT":"F","NAME_GERM":"St. Kitts und Nevis"}},{"arcs":[[350,351,352,353,354,-221]],"type":"Polygon","properties":{"CNTR_ID":"KP","CNTR_NAME":"조선민주주의인민공화국","NAME_ENGL":"North Korea","NAME_FREN":"Corée du Nord","ISO3_CODE":"PRK","SVRG_UN":"UN Member State","CAPT":"Pyongyang","STAT_CODE":"OA","EU_STAT":"F","EFTA_STAT":"F","CC_STAT":"F","NAME_GERM":"Nordkorea"}},{"arcs":[[[355]],[[356]]],"type":"MultiPolygon","properties":{"CNTR_ID":"CW","CNTR_NAME":"Curaçao","NAME_ENGL":"Curaçao","NAME_FREN":"Curaçao","ISO3_CODE":"CUW","SVRG_UN":"NL Self-Governing Territory","CAPT":"Willemstad","STAT_CODE":"OA","EU_STAT":"F","EFTA_STAT":"F","CC_STAT":"F","NAME_GERM":"Curaçao"}},{"arcs":[[357]],"type":"Polygon","properties":{"CNTR_ID":"CX","CNTR_NAME":"Christmas Island","NAME_ENGL":"Christmas Island","NAME_FREN":"Île Christmas","ISO3_CODE":"CXR","SVRG_UN":"AU Territory","CAPT":"The Settlement","STAT_CODE":"OA","EU_STAT":"F","EFTA_STAT":"F","CC_STAT":"F","NAME_GERM":"Weihnachtsinsel"}},{"arcs":[[358]],"type":"Polygon","properties":{"CNTR_ID":"CY","CNTR_NAME":"Κύπρος-Kıbrıs","NAME_ENGL":"Cyprus","NAME_FREN":"Chypre","ISO3_CODE":"CYP","SVRG_UN":"UN Member State","CAPT":"Nicosia","STAT_CODE":"OA","EU_STAT":"T","EFTA_STAT":"F","CC_STAT":"F","NAME_GERM":"Zypern"}},{"arcs":[[359,360,-322,361]],"type":"Polygon","properties":{"CNTR_ID":"CZ","CNTR_NAME":"Česká Republika","NAME_ENGL":"Czechia","NAME_FREN":"Tchéquie","ISO3_CODE":"CZE","SVRG_UN":"UN Member State","CAPT":"Prague","STAT_CODE":"OA","EU_STAT":"T","EFTA_STAT":"F","CC_STAT":"F","NAME_GERM":"Tschechien"}},{"arcs":[[[362,363,-362,-321,364,365,366,-164,367,368,369]],[[370]],[[371]]],"type":"MultiPolygon","properties":{"CNTR_ID":"DE","CNTR_NAME":"Deutschland","NAME_ENGL":"Germany","NAME_FREN":"Allemagne","ISO3_CODE":"DEU","SVRG_UN":"UN Member State","CAPT":"Berlin","STAT_CODE":"OA","EU_STAT":"T","EFTA_STAT":"F","CC_STAT":"F","NAME_GERM":"Deutschland"}},{"arcs":[[372,373,374,375]],"type":"Polygon","properties":{"CNTR_ID":"DJ","CNTR_NAME":"جيبوتي-Djibouti-Jabuuti","NAME_ENGL":"Djibouti","NAME_FREN":"Djibouti","ISO3_CODE":"DJI","SVRG_UN":"UN Member State","CAPT":"Djibouti","STAT_CODE":"OA","EU_STAT":"F","EFTA_STAT":"F","CC_STAT":"F","NAME_GERM":"Dschibuti"}},{"arcs":[[[-370,376]],[[377]],[[378]],[[379]]],"type":"MultiPolygon","properties":{"CNTR_ID":"DK","CNTR_NAME":"Danmark","NAME_ENGL":"Denmark","NAME_FREN":"Danemark","ISO3_CODE":"DNK","SVRG_UN":"UN Member State","CAPT":"Copenhagen","STAT_CODE":"OA","EU_STAT":"T","EFTA_STAT":"F","CC_STAT":"F","NAME_GERM":"Dänemark"}},{"arcs":[[380]],"type":"Polygon","properties":{"CNTR_ID":"DM","CNTR_NAME":"Dominica-Dominique","NAME_ENGL":"Dominica","NAME_FREN":"Dominique","ISO3_CODE":"DMA","SVRG_UN":"UN Member State","CAPT":"Roseau","STAT_CODE":"OA","EU_STAT":"F","EFTA_STAT":"F","CC_STAT":"F","NAME_GERM":"Dominica"}},{"arcs":[[381,382]],"type":"Polygon","properties":{"CNTR_ID":"DO","CNTR_NAME":"República Dominicana","NAME_ENGL":"Dominican Republic","NAME_FREN":"République dominicaine","ISO3_CODE":"DOM","SVRG_UN":"UN Member State","CAPT":"Santo Domingo","STAT_CODE":"OA","EU_STAT":"F","EFTA_STAT":"F","CC_STAT":"F","NAME_GERM":"Dominikanische Republik"}},{"arcs":[[383,384,385,386,387,388,389,390]],"type":"Polygon","properties":{"CNTR_ID":"DZ","CNTR_NAME":"الجزائر","NAME_ENGL":"Algeria","NAME_FREN":"Algérie","ISO3_CODE":"DZA","SVRG_UN":"UN Member State","CAPT":"Algiers","STAT_CODE":"OA","EU_STAT":"F","EFTA_STAT":"F","CC_STAT":"F","NAME_GERM":"Algerien"}},{"arcs":[[[391,-259,392]],[[393]],[[394]],[[395]],[[396]],[[397]]],"type":"MultiPolygon","properties":{"CNTR_ID":"EC","CNTR_NAME":"Ikwadur-Ecuador","NAME_ENGL":"Ecuador","NAME_FREN":"Équateur","ISO3_CODE":"ECU","SVRG_UN":"UN Member State","CAPT":"Quito","STAT_CODE":"OA","EU_STAT":"F","EFTA_STAT":"F","CC_STAT":"F","NAME_GERM":"Ecuador"}},{"arcs":[[[398,399,400]],[[401]]],"type":"MultiPolygon","properties":{"CNTR_ID":"EE","CNTR_NAME":"Eesti","NAME_ENGL":"Estonia","NAME_FREN":"Estonie","ISO3_CODE":"EST","SVRG_UN":"UN Member State","CAPT":"Tallinn","STAT_CODE":"OA","EU_STAT":"T","EFTA_STAT":"F","CC_STAT":"F","NAME_GERM":"Estland"}},{"arcs":[[402,403,404,405,406,407,408,409]],"type":"Polygon","properties":{"CNTR_ID":"EG","CNTR_NAME":"مصر","NAME_ENGL":"Egypt","NAME_FREN":"Égypte","ISO3_CODE":"EGY","SVRG_UN":"UN Member State","CAPT":"Cairo","STAT_CODE":"OA","EU_STAT":"F","EFTA_STAT":"F","CC_STAT":"F","NAME_GERM":"Ägypten"}},{"arcs":[[-389,410,411,412]],"type":"Polygon","properties":{"CNTR_ID":"EH","CNTR_NAME":"الصحراء الغربية","NAME_ENGL":"Western Sahara","NAME_FREN":"Sahara occidental","ISO3_CODE":"ESH","SVRG_UN":"Non-Self-Governing Territory","CAPT":"Laayoune","STAT_CODE":"OA","EU_STAT":"F","EFTA_STAT":"F","CC_STAT":"F","NAME_GERM":"Westsahara"}},{"arcs":[[[413,-295,414,-179,415]],[[416]],[[417]],[[418]],[[419]],[[420]],[[421]],[[422]],[[423]],[[424]],[[425]],[[426]],[[427]],[[428]],[[429]],[[430]],[[431]],[[432]],[[433]],[[434]],[[435]]],"type":"MultiPolygon","properties":{"CNTR_ID":"EL","CNTR_NAME":"Ελλάδα","NAME_ENGL":"Greece","NAME_FREN":"Grèce","ISO3_CODE":"GRC","SVRG_UN":"UN Member State","CAPT":"Athens","STAT_CODE":"OA","EU_STAT":"T","EFTA_STAT":"F","CC_STAT":"F","NAME_GERM":"Griechenland"}},{"arcs":[[[-375,436,437,438]],[[439]],[[440]],[[441]]],"type":"MultiPolygon","properties":{"CNTR_ID":"ER","CNTR_NAME":"إريتريا-Eritrea-ኤርትራ","NAME_ENGL":"Eritrea","NAME_FREN":"Érythrée","ISO3_CODE":"ERI","SVRG_UN":"UN Member State","CAPT":"Asmara","STAT_CODE":"OA","EU_STAT":"F","EFTA_STAT":"F","CC_STAT":"F","NAME_GERM":"Eritrea"}},{"arcs":[[[442,-279,443,444,445,446,447,448]],[[449]],[[450]],[[451]],[[452]],[[453]],[[454]],[[455]],[[456]],[[457]],[[458]],[[459,460]],[[461,462]]],"type":"MultiPolygon","properties":{"CNTR_ID":"ES","CNTR_NAME":"España","NAME_ENGL":"Spain","NAME_FREN":"Espagne","ISO3_CODE":"ESP","SVRG_UN":"UN Member State","CAPT":"Madrid","STAT_CODE":"OA","EU_STAT":"T","EFTA_STAT":"F","CC_STAT":"F","NAME_GERM":"Spanien"}},{"arcs":[[-374,463,-115,464,465,-437]],"type":"Polygon","properties":{"CNTR_ID":"ET","CNTR_NAME":"Federal Democratic Republic of Ethiopia","NAME_ENGL":"Ethiopia","NAME_FREN":"Éthiopie","ISO3_CODE":"ETH","SVRG_UN":"UN Member State","CAPT":"Addis-Ababa","STAT_CODE":"OA","EU_STAT":"F","EFTA_STAT":"F","CC_STAT":"F","NAME_GERM":"Äthiopien"}},{"arcs":[[[466,467,468,469]],[[470]],[[471]],[[472]]],"type":"MultiPolygon","properties":{"CNTR_ID":"FI","CNTR_NAME":"Suomi-Finland","NAME_ENGL":"Finland","NAME_FREN":"Finlande","ISO3_CODE":"FIN","SVRG_UN":"UN Member State","CAPT":"Helsinki","STAT_CODE":"OA","EU_STAT":"T","EFTA_STAT":"F","CC_STAT":"F","NAME_GERM":"Finnland"}},{"arcs":[[[473]],[[474]],[[475]],[[476]]],"type":"MultiPolygon","properties":{"CNTR_ID":"FJ","CNTR_NAME":"Fiji-Viti-फ़िजी","NAME_ENGL":"Fiji","NAME_FREN":"Fidji","ISO3_CODE":"FJI","SVRG_UN":"UN Member State","CAPT":"Suva","STAT_CODE":"OA","EU_STAT":"F","EFTA_STAT":"F","CC_STAT":"F","NAME_GERM":"Fidschi"}},{"arcs":[[[477]],[[478]]],"type":"MultiPolygon","properties":{"CNTR_ID":"FK","CNTR_NAME":"Falkland Islands","NAME_ENGL":"Falkland Islands","NAME_FREN":"Îles Falkland","ISO3_CODE":"FLK","SVRG_UN":"UK Non-Self-Governing Territory","CAPT":"Stanley","STAT_CODE":"OA","EU_STAT":"F","EFTA_STAT":"F","CC_STAT":"F","NAME_GERM":"Falklandinseln"}},{"arcs":[[[479]],[[480]],[[481]],[[482]],[[483]]],"type":"MultiPolygon","properties":{"CNTR_ID":"FM","CNTR_NAME":"Micronesia","NAME_ENGL":"Micronesia","NAME_FREN":"Micronésie","ISO3_CODE":"FSM","SVRG_UN":"UN Member State","CAPT":"Palikir","STAT_CODE":"OA","EU_STAT":"F","EFTA_STAT":"F","CC_STAT":"F","NAME_GERM":"Mikronesien"}},{"arcs":[[484]],"type":"Polygon","properties":{"CNTR_ID":"FO","CNTR_NAME":"Færøerne-Føroyar","NAME_ENGL":"Faroes","NAME_FREN":"Îles Féroé","ISO3_CODE":"FRO","SVRG_UN":"DK Territory","CAPT":"Tórshavn","STAT_CODE":"OA","EU_STAT":"F","EFTA_STAT":"F","CC_STAT":"F","NAME_GERM":"Färöer"}},{"arcs":[[[485,-366,486,-83,487,488,489,-444,-280,-443,490,-166]],[[491,492,-325]],[[493]],[[494]],[[495]],[[496]],[[497]],[[498]]],"type":"MultiPolygon","properties":{"CNTR_ID":"FR","CNTR_NAME":"France","NAME_ENGL":"France","NAME_FREN":"France","ISO3_CODE":"FRA","SVRG_UN":"UN Member State","CAPT":"Paris","STAT_CODE":"OA","EU_STAT":"T","EFTA_STAT":"F","CC_STAT":"F","NAME_GERM":"Frankreich"}},{"arcs":[[499,500,501,-216]],"type":"Polygon","properties":{"CNTR_ID":"GA","CNTR_NAME":"Gabon","NAME_ENGL":"Gabon","NAME_FREN":"Gabon","ISO3_CODE":"GAB","SVRG_UN":"UN Member State","CAPT":"Libreville","STAT_CODE":"OA","EU_STAT":"F","EFTA_STAT":"F","CC_STAT":"F","NAME_GERM":"Gabun"}},{"arcs":[[502]],"type":"Polygon","properties":{"CNTR_ID":"GD","CNTR_NAME":"Grenada","NAME_ENGL":"Grenada","NAME_FREN":"Grenade","ISO3_CODE":"GRD","SVRG_UN":"UN Member State","CAPT":"Saint George's","STAT_CODE":"OA","EU_STAT":"F","EFTA_STAT":"F","CC_STAT":"F","NAME_GERM":"Grenada"}},{"arcs":[[-155,-299,503,504,505]],"type":"Polygon","properties":{"CNTR_ID":"GE","CNTR_NAME":"საქართველო","NAME_ENGL":"Georgia","NAME_FREN":"Géorgie","ISO3_CODE":"GEO","SVRG_UN":"UN Member State","CAPT":"Tbilisi","STAT_CODE":"OA","EU_STAT":"F","EFTA_STAT":"F","CC_STAT":"F","NAME_GERM":"Georgien"}},{"arcs":[[506]],"type":"Polygon","properties":{"CNTR_ID":"GG","CNTR_NAME":"Guernsey-Guernesey","NAME_ENGL":"Guernsey","NAME_FREN":"Guernesey","ISO3_CODE":"GGY","SVRG_UN":"UK Territory","CAPT":"St. Peter Port","STAT_CODE":"OA","EU_STAT":"F","EFTA_STAT":"F","CC_STAT":"F","NAME_GERM":"Guernsey"}},{"arcs":[[507,508,-174,509]],"type":"Polygon","properties":{"CNTR_ID":"GH","CNTR_NAME":"Ghana","NAME_ENGL":"Ghana","NAME_FREN":"Ghana","ISO3_CODE":"GHA","SVRG_UN":"UN Member State","CAPT":"Accra","STAT_CODE":"OA","EU_STAT":"F","EFTA_STAT":"F","CC_STAT":"F","NAME_GERM":"Ghana"}},{"arcs":[[510,-446]],"type":"Polygon","properties":{"CNTR_ID":"GI","CNTR_NAME":"Gibraltar","NAME_ENGL":"Gibraltar","NAME_FREN":"Gibraltar","ISO3_CODE":"GIB","SVRG_UN":"UK Non-Self-Governing Territory","CAPT":"Gibraltar","STAT_CODE":"OA","EU_STAT":"F","EFTA_STAT":"F","CC_STAT":"F","NAME_GERM":"Gibraltar"}},{"arcs":[[[511]],[[512]],[[513]],[[514]],[[515]],[[516]],[[517]],[[518]],[[519]],[[520]],[[521]],[[522]],[[523]],[[524]],[[525]],[[526]],[[527]]],"type":"MultiPolygon","properties":{"CNTR_ID":"GL","CNTR_NAME":"Grønland-Kalaallit Nunaat","NAME_ENGL":"Greenland","NAME_FREN":"Groenland","ISO3_CODE":"GRL","SVRG_UN":"DK Self-Governing Territory","CAPT":"Nuuk","STAT_CODE":"OA","EU_STAT":"F","EFTA_STAT":"F","CC_STAT":"F","NAME_GERM":"Grönland"}},{"arcs":[[528,529]],"type":"Polygon","properties":{"CNTR_ID":"GM","CNTR_NAME":"Gambia","NAME_ENGL":"Gambia","NAME_FREN":"Gambie","ISO3_CODE":"GMB","SVRG_UN":"UN Member State","CAPT":"Banjul","STAT_CODE":"OA","EU_STAT":"F","EFTA_STAT":"F","CC_STAT":"F","NAME_GERM":"Gambia"}},{"arcs":[[530,531,532,533,534,535,536]],"type":"Polygon","properties":{"CNTR_ID":"GN","CNTR_NAME":"Guinée","NAME_ENGL":"Guinea","NAME_FREN":"Guinée","ISO3_CODE":"GIN","SVRG_UN":"UN Member State","CAPT":"Conakry","STAT_CODE":"OA","EU_STAT":"F","EFTA_STAT":"F","CC_STAT":"F","NAME_GERM":"Guinea"}},{"arcs":[[[-217,-502,537]],[[538]],[[539]]],"type":"MultiPolygon","properties":{"CNTR_ID":"GQ","CNTR_NAME":"Guinée Équatoriale-Guinea Ecuatorial","NAME_ENGL":"Equatorial Guinea","NAME_FREN":"Guinée équatoriale","ISO3_CODE":"GNQ","SVRG_UN":"UN Member State","CAPT":"Malabo","STAT_CODE":"OA","EU_STAT":"F","EFTA_STAT":"F","CC_STAT":"F","NAME_GERM":"Äquatorialguinea"}},{"arcs":[[[540]],[[541]],[[542]]],"type":"MultiPolygon","properties":{"CNTR_ID":"GS","CNTR_NAME":"South Georgia and The South Sandwich Islands","NAME_ENGL":"South Georgia and The South Sandwich Islands","NAME_FREN":"Îles Géorgie du Sud et Sandwich du Sud","ISO3_CODE":"SGS","SVRG_UN":"UK Territory","CAPT":null,"STAT_CODE":"OA","EU_STAT":"F","EFTA_STAT":"F","CC_STAT":"F","NAME_GERM":"Südgeorgien und die Südlichen Sandwichinseln"}},{"arcs":[[543,544,545,546,547,-67]],"type":"Polygon","properties":{"CNTR_ID":"GT","CNTR_NAME":"Guatemala","NAME_ENGL":"Guatemala","NAME_FREN":"Guatemala","ISO3_CODE":"GTM","SVRG_UN":"UN Member State","CAPT":"Guatemala","STAT_CODE":"OA","EU_STAT":"F","EFTA_STAT":"F","CC_STAT":"F","NAME_GERM":"Guatemala"}},{"arcs":[[548]],"type":"Polygon","properties":{"CNTR_ID":"GU","CNTR_NAME":"Guåhan-Guam","NAME_ENGL":"Guam","NAME_FREN":"Guam","ISO3_CODE":"GUM","SVRG_UN":"US Non-Self-Governing Territory","CAPT":"Agana","STAT_CODE":"OA","EU_STAT":"F","EFTA_STAT":"F","CC_STAT":"F","NAME_GERM":"Guam"}},{"arcs":[[[549,550,-536]],[[551]],[[552]]],"type":"MultiPolygon","properties":{"CNTR_ID":"GW","CNTR_NAME":"Guiné-Bissau","NAME_ENGL":"Guinea-Bissau","NAME_FREN":"Guinée-Bissau","ISO3_CODE":"GNB","SVRG_UN":"UN Member State","CAPT":"Bissau","STAT_CODE":"OA","EU_STAT":"F","EFTA_STAT":"F","CC_STAT":"F","NAME_GERM":"Guinea-Bissau"}},{"arcs":[[553,-331,554,555]],"type":"Polygon","properties":{"CNTR_ID":"GY","CNTR_NAME":"Guyana","NAME_ENGL":"Guyana","NAME_FREN":"Guyana","ISO3_CODE":"GUY","SVRG_UN":"UN Member State","CAPT":"Georgetown","STAT_CODE":"OA","EU_STAT":"F","EFTA_STAT":"F","CC_STAT":"F","NAME_GERM":"Guyana"}},{"arcs":[[-223,556]],"type":"Polygon","properties":{"CNTR_ID":"HK","CNTR_NAME":"香港","NAME_ENGL":"Hong Kong","NAME_FREN":"Hong Kong","ISO3_CODE":"HKG","SVRG_UN":"CN Special Administrative Region","CAPT":"Hong Kong","STAT_CODE":"OA","EU_STAT":"F","EFTA_STAT":"F","CC_STAT":"F","NAME_GERM":"Hongkong"}},{"arcs":[[557]],"type":"Polygon","properties":{"CNTR_ID":"HM","CNTR_NAME":"Heard Island and Mcdonald Islands","NAME_ENGL":"Heard Island and Mcdonald Islands","NAME_FREN":"Îles Heard et McDonald","ISO3_CODE":"HMD","SVRG_UN":"AU Territory","CAPT":null,"STAT_CODE":"OA","EU_STAT":"F","EFTA_STAT":"F","CC_STAT":"F","NAME_GERM":"Heard und die McDonaldinseln"}},{"arcs":[[[558,559,560,-545,561]],[[562]]],"type":"MultiPolygon","properties":{"CNTR_ID":"HN","CNTR_NAME":"Honduras","NAME_ENGL":"Honduras","NAME_FREN":"Honduras","ISO3_CODE":"HND","SVRG_UN":"UN Member State","CAPT":"Tegucigalpa","STAT_CODE":"OA","EU_STAT":"F","EFTA_STAT":"F","CC_STAT":"F","NAME_GERM":"Honduras"}},{"arcs":[[[563,-159,564,565,566,567]],[[568]],[[569]],[[570]]],"type":"MultiPolygon","properties":{"CNTR_ID":"HR","CNTR_NAME":"Hrvatska","NAME_ENGL":"Croatia","NAME_FREN":"Croatie","ISO3_CODE":"HRV","SVRG_UN":"UN Member State","CAPT":"Zagreb","STAT_CODE":"OA","EU_STAT":"T","EFTA_STAT":"F","CC_STAT":"F","NAME_GERM":"Kroatien"}},{"arcs":[[[571,-382]],[[572]]],"type":"MultiPolygon","properties":{"CNTR_ID":"HT","CNTR_NAME":"Haïti-Ayiti","NAME_ENGL":"Haiti","NAME_FREN":"Haïti","ISO3_CODE":"HTI","SVRG_UN":"UN Member State","CAPT":"Port-au-Prince","STAT_CODE":"OA","EU_STAT":"F","EFTA_STAT":"F","CC_STAT":"F","NAME_GERM":"Haiti"}},{"arcs":[[573,574,575,-568,576,-316,577]],"type":"Polygon","properties":{"CNTR_ID":"HU","CNTR_NAME":"Magyarország","NAME_ENGL":"Hungary","NAME_FREN":"Hongrie","ISO3_CODE":"HUN","SVRG_UN":"UN Member State","CAPT":"Budapest","STAT_CODE":"OA","EU_STAT":"T","EFTA_STAT":"F","CC_STAT":"F","NAME_GERM":"Ungarn"}},{"arcs":[[578,579]],"type":"Polygon","properties":{"CNTR_ID":"IE","CNTR_NAME":"Ireland-Éire","NAME_ENGL":"Ireland","NAME_FREN":"Irlande","ISO3_CODE":"IRL","SVRG_UN":"UN Member State","CAPT":"Dublin","STAT_CODE":"OA","EU_STAT":"T","EFTA_STAT":"F","CC_STAT":"F","NAME_GERM":"Irland"}},{"arcs":[[-97,580,-95,581,-404,582,583,584,585]],"type":"Polygon","properties":{"CNTR_ID":"IL","CNTR_NAME":"إسرائيل-ישראל","NAME_ENGL":"Israel","NAME_FREN":"Israël","ISO3_CODE":"ISR","SVRG_UN":"UN Member State","CAPT":"Jerusalem (Disputed)","STAT_CODE":"OA","EU_STAT":"F","EFTA_STAT":"F","CC_STAT":"F","NAME_GERM":"Israel"}},{"arcs":[[586]],"type":"Polygon","properties":{"CNTR_ID":"IM","CNTR_NAME":"Isle of Man-Ellan Vannin","NAME_ENGL":"Isle of Man","NAME_FREN":"Île de Man","ISO3_CODE":"IMN","SVRG_UN":"UK territory","CAPT":"Douglas","STAT_CODE":"OA","EU_STAT":"F","EFTA_STAT":"F","CC_STAT":"F","NAME_GERM":"Insel Man"}},{"arcs":[[[-240,587,-238,588,-236,589,-234,590,-232,-346,591,592,-163,593,594,595,596,597]],[[598]],[[599]],[[600]],[[601]],[[602]],[[603]]],"type":"MultiPolygon","properties":{"CNTR_ID":"IN","CNTR_NAME":"India-भारत","NAME_ENGL":"India","NAME_FREN":"Inde","ISO3_CODE":"IND","SVRG_UN":"UN Member State","CAPT":"New Delhi","STAT_CODE":"OA","EU_STAT":"F","EFTA_STAT":"F","CC_STAT":"F","NAME_GERM":"Indien"}},{"arcs":[[604]],"type":"Polygon","properties":{"CNTR_ID":"IO","CNTR_NAME":"British Indian Ocean Territory","NAME_ENGL":"British Indian Ocean Territory","NAME_FREN":"Territoire britannique de l’océan Indien","ISO3_CODE":"IOT","SVRG_UN":"UK Territory","CAPT":null,"STAT_CODE":"OA","EU_STAT":"F","EFTA_STAT":"F","CC_STAT":"F","NAME_GERM":"Britisches Territorium im Indischen Ozean"}},{"arcs":[[-79,605,606,607,-99,608,609]],"type":"Polygon","properties":{"CNTR_ID":"IQ","CNTR_NAME":"العراق-Îraq","NAME_ENGL":"Iraq","NAME_FREN":"Iraq","ISO3_CODE":"IRQ","SVRG_UN":"UN Member State","CAPT":"Baghdad","STAT_CODE":"OA","EU_STAT":"F","EFTA_STAT":"F","CC_STAT":"F","NAME_GERM":"Irak"}},{"arcs":[[[610]],[[611]],[[612]],[[613]],[[614]],[[615]],[[616]],[[617]],[[618]]],"type":"MultiPolygon","properties":{"CNTR_ID":"NZ","CNTR_NAME":"New Zealand-Aotearoa","NAME_ENGL":"New Zealand","NAME_FREN":"Nouvelle-Zélande","ISO3_CODE":"NZL","SVRG_UN":"UN Member State","CAPT":"Wellington","STAT_CODE":"OA","EU_STAT":"F","EFTA_STAT":"F","CC_STAT":"F","NAME_GERM":"Neuseeland"}},{"arcs":[[[619,620,621,-282]],[[-285,622]],[[623]]],"type":"MultiPolygon","properties":{"CNTR_ID":"OM","CNTR_NAME":"سلطنة عمان","NAME_ENGL":"Oman","NAME_FREN":"Oman","ISO3_CODE":"OMN","SVRG_UN":"UN Member State","CAPT":"Muscat","STAT_CODE":"OA","EU_STAT":"F","EFTA_STAT":"F","CC_STAT":"F","NAME_GERM":"Oman"}},{"arcs":[[[-261,624,-267,625]],[[626]],[[627]]],"type":"MultiPolygon","properties":{"CNTR_ID":"PA","CNTR_NAME":"Panamá","NAME_ENGL":"Panama","NAME_FREN":"Panama","ISO3_CODE":"PAN","SVRG_UN":"UN Member State","CAPT":"Panamá","STAT_CODE":"OA","EU_STAT":"F","EFTA_STAT":"F","CC_STAT":"F","NAME_GERM":"Panama"}},{"arcs":[[-329,-199,-205,628,-393,-258]],"type":"Polygon","properties":{"CNTR_ID":"PE","CNTR_NAME":"Piruw-Piruw-Perú","NAME_ENGL":"Peru","NAME_FREN":"Pérou","ISO3_CODE":"PER","SVRG_UN":"UN Member State","CAPT":"Lima","STAT_CODE":"OA","EU_STAT":"F","EFTA_STAT":"F","CC_STAT":"F","NAME_GERM":"Peru"}},{"arcs":[[[629,630]],[[631]],[[632]],[[633]],[[634]],[[635]],[[636]],[[637]],[[638]],[[639]],[[640]],[[641]],[[642]],[[643]],[[644]],[[645]],[[646]],[[647]],[[648]],[[649]],[[650]]],"type":"MultiPolygon","properties":{"CNTR_ID":"PG","CNTR_NAME":"Papua New Guinea-Papua Niu Gini-Papua Niugini","NAME_ENGL":"Papua New Guinea","NAME_FREN":"Papouasie-Nouvelle-Guinée","ISO3_CODE":"PNG","SVRG_UN":"UN Member State","CAPT":"Port Moresby","STAT_CODE":"OA","EU_STAT":"F","EFTA_STAT":"F","CC_STAT":"F","NAME_GERM":"Papua-Neuguinea"}},{"arcs":[[[-630,651]],[[652,653]],[[654]],[[655]],[[656]],[[657]],[[658]],[[659,660,661,662]],[[663]],[[664]],[[665]],[[666]],[[667]],[[668]],[[669]],[[670]],[[671]],[[672]],[[673]],[[674]],[[675]],[[676]],[[677]],[[678]],[[679]],[[680]],[[681]],[[682]],[[683]],[[684]],[[685]],[[686]],[[687]],[[688]],[[689]],[[690]],[[691]],[[692]],[[693]],[[694]],[[695]],[[696]],[[697]],[[698]],[[699]],[[700]],[[701]],[[702]],[[703]],[[704]],[[705]],[[706]],[[707]],[[708]],[[709]],[[710]],[[711]],[[712]],[[713]],[[714]],[[715]],[[716]],[[717]],[[718]],[[719]],[[720]]],"type":"MultiPolygon","properties":{"CNTR_ID":"ID","CNTR_NAME":"Indonesia","NAME_ENGL":"Indonesia","NAME_FREN":"Indonésie","ISO3_CODE":"IDN","SVRG_UN":"UN Member State","CAPT":"Jakarta","STAT_CODE":"OA","EU_STAT":"F","EFTA_STAT":"F","CC_STAT":"F","NAME_GERM":"Indonesien"}},{"arcs":[[721]],"type":"Polygon","properties":{"CNTR_ID":"IS","CNTR_NAME":"Ísland","NAME_ENGL":"Iceland","NAME_FREN":"Islande","ISO3_CODE":"ISL","SVRG_UN":"UN Member State","CAPT":"Reykjavík","STAT_CODE":"OA","EU_STAT":"F","EFTA_STAT":"T","CC_STAT":"F","NAME_GERM":"Island"}},{"arcs":[[722]],"type":"Polygon","properties":{"CNTR_ID":"CC","CNTR_NAME":"Cocos Keeling Islands","NAME_ENGL":"Cocos (Keeling) Islands","NAME_FREN":"Îles des Cocos","ISO3_CODE":"CCK","SVRG_UN":"AU Territory","CAPT":"West Island","STAT_CODE":"OA","EU_STAT":"F","EFTA_STAT":"F","CC_STAT":"F","NAME_GERM":"Kokosinseln"}},{"arcs":[[[723,724,725,726,727]],[[728]],[[729]],[[730]],[[731]],[[732]],[[733]],[[734]],[[735]],[[736]],[[737]],[[738]],[[739]],[[740]],[[741]],[[742]],[[743]],[[744]],[[745]],[[746]],[[747]],[[748]],[[749]],[[750]],[[751]],[[752]],[[753]],[[754]],[[755]],[[756]],[[757]],[[758]],[[759]],[[760]],[[761]],[[762]],[[763]],[[764]],[[765]],[[766]],[[767]],[[768]],[[769]],[[770]],[[771]],[[772]],[[773]],[[774]],[[775]],[[776]],[[777]],[[778]],[[779]],[[780]],[[781]],[[782]],[[783]],[[784]],[[785]],[[786]],[[787]],[[788]],[[789]],[[790]]],"type":"MultiPolygon","properties":{"CNTR_ID":"CA","CNTR_NAME":"Canada-Canada","NAME_ENGL":"Canada","NAME_FREN":"Canada","ISO3_CODE":"CAN","SVRG_UN":"UN Member State","CAPT":"Ottawa","STAT_CODE":"OA","EU_STAT":"F","EFTA_STAT":"F","CC_STAT":"F","NAME_GERM":"Kanada"}},{"arcs":[[791,792,793,-184,794,795,-303,796,-306,797,798]],"type":"Polygon","properties":{"CNTR_ID":"CD","CNTR_NAME":"République Démocratique du Congo-Kongo-Kongó-Kongu-Kongo","NAME_ENGL":"Democratic Republic of The Congo","NAME_FREN":"République démocratique du Congo","ISO3_CODE":"COD","SVRG_UN":"UN Member State","CAPT":"Kinshasa","STAT_CODE":"OA","EU_STAT":"F","EFTA_STAT":"F","CC_STAT":"F","NAME_GERM":"Demokratische Republik Kongo"}},{"arcs":[[799,800,-799,801,-214,802]],"type":"Polygon","properties":{"CNTR_ID":"CF","CNTR_NAME":"République Centrafricaine-Ködörösêse Tî Bêafrîka","NAME_ENGL":"Central African Republic","NAME_FREN":"République centrafricaine","ISO3_CODE":"CAF","SVRG_UN":"UN Member State","CAPT":"Bangui","STAT_CODE":"OA","EU_STAT":"F","EFTA_STAT":"F","CC_STAT":"F","NAME_GERM":"Zentralafrikanische Republik"}},{"arcs":[[-798,-305,803,-500,-215,-802]],"type":"Polygon","properties":{"CNTR_ID":"CG","CNTR_NAME":"Congo-Kongo-Kongó","NAME_ENGL":"Congo","NAME_FREN":"Congo","ISO3_CODE":"COG","SVRG_UN":"UN Member State","CAPT":"Brazzaville","STAT_CODE":"OA","EU_STAT":"F","EFTA_STAT":"F","CC_STAT":"F","NAME_GERM":"Kongo"}},{"arcs":[[-320,804,-318,-84,-487,-365]],"type":"Polygon","properties":{"CNTR_ID":"CH","CNTR_NAME":"Schweiz-Suisse-Svizzera-Svizra","NAME_ENGL":"Switzerland","NAME_FREN":"Suisse","ISO3_CODE":"CHE","SVRG_UN":"UN Member State","CAPT":"Bern","STAT_CODE":"OA","EU_STAT":"F","EFTA_STAT":"T","CC_STAT":"F","NAME_GERM":"Schweiz"}},{"arcs":[[-175,-509,805,806,-532,807]],"type":"Polygon","properties":{"CNTR_ID":"CI","CNTR_NAME":"Côte D’Ivoire","NAME_ENGL":"Côte D’Ivoire","NAME_FREN":"Côte d’Ivoire","ISO3_CODE":"CIV","SVRG_UN":"UN Member State","CAPT":"Yamoussoukro","STAT_CODE":"OA","EU_STAT":"F","EFTA_STAT":"F","CC_STAT":"F","NAME_GERM":"Côte d’Ivoire"}},{"arcs":[[[808]],[[809]],[[810]]],"type":"MultiPolygon","properties":{"CNTR_ID":"CK","CNTR_NAME":"Cook Islands-Kūki 'Āirani","NAME_ENGL":"Cook Islands","NAME_FREN":"Îles Cook","ISO3_CODE":"COK","SVRG_UN":"NZ Territory","CAPT":"Avarua","STAT_CODE":"OA","EU_STAT":"F","EFTA_STAT":"F","CC_STAT":"F","NAME_GERM":"Cookinseln"}},{"arcs":[[811,812,813,814,-283,-622,815,816,-93,-608]],"type":"Polygon","properties":{"CNTR_ID":"SA","CNTR_NAME":"السعودية","NAME_ENGL":"Saudi Arabia","NAME_FREN":"Arabie saoudite","ISO3_CODE":"SAU","SVRG_UN":"UN Member State","CAPT":"Riyadh","STAT_CODE":"OA","EU_STAT":"F","EFTA_STAT":"F","CC_STAT":"F","NAME_GERM":"Saudi-Arabien"}},{"arcs":[[[-351,-251,817,-249,818,819,-156,-506,820,821,-66,822,-401,823,-467,824,825],[826]],[[827]],[[828]],[[829]],[[830]],[[831]],[[832]],[[833]],[[834,835,836]],[[837]],[[838]],[[839]],[[840]],[[841]],[[842]],[[843]],[[844]],[[845]],[[846]],[[847]],[[848]],[[849]],[[850]],[[851]],[[852]],[[853]],[[854]],[[855]],[[856]],[[857]],[[858]],[[859]],[[860]],[[861]],[[862]],[[863]],[[864]],[[865]],[[866]],[[867]],[[868]],[[869]],[[870]],[[871]],[[872]],[[873]],[[874]],[[875]],[[876]],[[877]],[[878]],[[879]],[[880]],[[881]],[[882]],[[883]],[[884]],[[885]],[[886]],[[887]],[[888]],[[889]],[[890]],[[891]],[[892]],[[893]]],"type":"MultiPolygon","properties":{"CNTR_ID":"RU","CNTR_NAME":"Россия","NAME_ENGL":"Russian Federation","NAME_FREN":"Fédération de Russie","ISO3_CODE":"RUS","SVRG_UN":"UN Member State","CAPT":"Moskva","STAT_CODE":"OA","EU_STAT":"F","EFTA_STAT":"F","CC_STAT":"F","NAME_GERM":"Russische Föderation"}},{"arcs":[[[894]],[[895]],[[896]],[[897]],[[898]],[[899]],[[900]],[[901]],[[902]],[[903]],[[904]],[[905]],[[906]],[[907]]],"type":"MultiPolygon","properties":{"CNTR_ID":"SB","CNTR_NAME":"Solomon Islands","NAME_ENGL":"Solomon Islands","NAME_FREN":"Îles Salomon","ISO3_CODE":"SLB","SVRG_UN":"UN Member State","CAPT":"Honiara","STAT_CODE":"OA","EU_STAT":"F","EFTA_STAT":"F","CC_STAT":"F","NAME_GERM":"Salomonen"}},{"arcs":[[-438,-466,908,909,910,-800,911,912,-408,913,914,915]],"type":"Polygon","properties":{"CNTR_ID":"SD","CNTR_NAME":"السودان-Sudan","NAME_ENGL":"Sudan","NAME_FREN":"Soudan","ISO3_CODE":"SDN","SVRG_UN":"UN Member State","CAPT":"Khartoum","STAT_CODE":"OA","EU_STAT":"F","EFTA_STAT":"F","CC_STAT":"F","NAME_GERM":"Sudan"}},{"arcs":[[[-469,916,917]],[[918]]],"type":"MultiPolygon","properties":{"CNTR_ID":"SE","CNTR_NAME":"Sverige","NAME_ENGL":"Sweden","NAME_FREN":"Suède","ISO3_CODE":"SWE","SVRG_UN":"UN Member State","CAPT":"Stockholm","STAT_CODE":"OA","EU_STAT":"T","EFTA_STAT":"F","CC_STAT":"F","NAME_GERM":"Schweden"}},{"arcs":[[919]],"type":"Polygon","properties":{"CNTR_ID":"SG","CNTR_NAME":"新加坡-Singapore-Singapura-சிங்கப்பூர்","NAME_ENGL":"Singapore","NAME_FREN":"Singapour","ISO3_CODE":"SGP","SVRG_UN":"UN Member State","CAPT":"Singapore","STAT_CODE":"OA","EU_STAT":"F","EFTA_STAT":"F","CC_STAT":"F","NAME_GERM":"Singapur"}},{"arcs":[[[920]],[[921]],[[922]]],"type":"MultiPolygon","properties":{"CNTR_ID":"SH","CNTR_NAME":"Saint Helena, Ascension and Tristan Da Cunha","NAME_ENGL":"Saint Helena, Ascension and Tristan Da Cunha","NAME_FREN":"Sainte-Hélène, Ascension et Tristan da Cunha","ISO3_CODE":"SHN","SVRG_UN":"UK Non-Self-Governing Territory","CAPT":"Jamestown","STAT_CODE":"OA","EU_STAT":"F","EFTA_STAT":"F","CC_STAT":"F","NAME_GERM":"St. Helena, Ascension und Tristan da Cunha"}},{"arcs":[[-567,923,-81,-317,-577]],"type":"Polygon","properties":{"CNTR_ID":"SI","CNTR_NAME":"Slovinsko","NAME_ENGL":"Slovenia","NAME_FREN":"Slovénie","ISO3_CODE":"SVN","SVRG_UN":"UN Member State","CAPT":"Ljubljana","STAT_CODE":"OA","EU_STAT":"T","EFTA_STAT":"F","CC_STAT":"F","NAME_GERM":"Slowenien"}},{"arcs":[[924]],"type":"Polygon","properties":{"CNTR_ID":"MG","CNTR_NAME":"Madagascar-Madagasikara","NAME_ENGL":"Madagascar","NAME_FREN":"Madagascar","ISO3_CODE":"MDG","SVRG_UN":"UN Member State","CAPT":"Antananarivo","STAT_CODE":"OA","EU_STAT":"F","EFTA_STAT":"F","CC_STAT":"F","NAME_GERM":"Madagaskar"}},{"arcs":[[[925]],[[926]],[[927]],[[928]],[[929]],[[930]],[[931]]],"type":"MultiPolygon","properties":{"CNTR_ID":"MH","CNTR_NAME":"Marshall Islands-Aorōkin M̧Ajeļ","NAME_ENGL":"Marshall Islands","NAME_FREN":"Îles Marshall","ISO3_CODE":"MHL","SVRG_UN":"UN Member State","CAPT":"Majuro","STAT_CODE":"OA","EU_STAT":"F","EFTA_STAT":"F","CC_STAT":"F","NAME_GERM":"Marshallinseln"}},{"arcs":[[-415,-294,932,-180]],"type":"Polygon","properties":{"CNTR_ID":"MK","CNTR_NAME":"Северна Македонија","NAME_ENGL":"North Macedonia","NAME_FREN":"Macédoine du Nord","ISO3_CODE":"MKD","SVRG_UN":"UN Member State","CAPT":"Skopje","STAT_CODE":"OA","EU_STAT":"F","EFTA_STAT":"F","CC_STAT":"T","NAME_GERM":"Nordmazedonien"}},{"arcs":[[933,-176,-808,-531,934,935,-387]],"type":"Polygon","properties":{"CNTR_ID":"ML","CNTR_NAME":"Mali","NAME_ENGL":"Mali","NAME_FREN":"Mali","ISO3_CODE":"MLI","SVRG_UN":"UN Member State","CAPT":"Bamako","STAT_CODE":"OA","EU_STAT":"F","EFTA_STAT":"F","CC_STAT":"F","NAME_GERM":"Mali"}},{"arcs":[[936,937,938,-161,-593,939,-229]],"type":"Polygon","properties":{"CNTR_ID":"MM","CNTR_NAME":"Myanma","NAME_ENGL":"Myanmar/Burma","NAME_FREN":"Myanmar/Birmanie","ISO3_CODE":"MMR","SVRG_UN":"UN Member State","CAPT":"Yangon","STAT_CODE":"OA","EU_STAT":"F","EFTA_STAT":"F","CC_STAT":"F","NAME_GERM":"Myanmar/Birma"}},{"arcs":[[-250,-818]],"type":"Polygon","properties":{"CNTR_ID":"MN","CNTR_NAME":"Монгол Улс","NAME_ENGL":"Mongolia","NAME_FREN":"Mongolie","ISO3_CODE":"MNG","SVRG_UN":"UN Member State","CAPT":"Ulaanbaatar","STAT_CODE":"OA","EU_STAT":"F","EFTA_STAT":"F","CC_STAT":"F","NAME_GERM":"Mongolei"}},{"arcs":[[-225,940]],"type":"Polygon","properties":{"CNTR_ID":"MO","CNTR_NAME":"澳門-Macau","NAME_ENGL":"Macau","NAME_FREN":"Macao","ISO3_CODE":"MAC","SVRG_UN":"CN Special Administrative Region","CAPT":"Macau","STAT_CODE":"OA","EU_STAT":"F","EFTA_STAT":"F","CC_STAT":"F","NAME_GERM":"Macau"}},{"arcs":[[941]],"type":"Polygon","properties":{"CNTR_ID":"MP","CNTR_NAME":"Northern Mariana Islands-Notte Mariånas-Northern Mariana Islands","NAME_ENGL":"Northern Mariana Islands","NAME_FREN":"Îles Mariannes du Nord","ISO3_CODE":"MNP","SVRG_UN":"US Territory","CAPT":"Saipan","STAT_CODE":"OA","EU_STAT":"F","EFTA_STAT":"F","CC_STAT":"F","NAME_GERM":"Nördlichen Marianen"}},{"arcs":[[-936,942,943,-411,-388]],"type":"Polygon","properties":{"CNTR_ID":"MR","CNTR_NAME":"موريتانيا","NAME_ENGL":"Mauritania","NAME_FREN":"Mauritanie","ISO3_CODE":"MRT","SVRG_UN":"UN Member State","CAPT":"Nouakchott","STAT_CODE":"OA","EU_STAT":"F","EFTA_STAT":"F","CC_STAT":"F","NAME_GERM":"Mauretanien"}},{"arcs":[[944]],"type":"Polygon","properties":{"CNTR_ID":"MS","CNTR_NAME":"Montserrat","NAME_ENGL":"Montserrat","NAME_FREN":"Montserrat","ISO3_CODE":"MSR","SVRG_UN":"UK Non-Self-Governing Territory","CAPT":"Plymouth","STAT_CODE":"OA","EU_STAT":"F","EFTA_STAT":"F","CC_STAT":"F","NAME_GERM":"Montserrat"}},{"arcs":[[[945]],[[946]]],"type":"MultiPolygon","properties":{"CNTR_ID":"MT","CNTR_NAME":"Malta-Malta","NAME_ENGL":"Malta","NAME_FREN":"Malte","ISO3_CODE":"MLT","SVRG_UN":"UN Member State","CAPT":"Valletta","STAT_CODE":"OA","EU_STAT":"T","EFTA_STAT":"F","CC_STAT":"F","NAME_GERM":"Malta"}},{"arcs":[[[947]],[[948]],[[949]]],"type":"MultiPolygon","properties":{"CNTR_ID":"MU","CNTR_NAME":"Mauritius","NAME_ENGL":"Mauritius","NAME_FREN":"Maurice","ISO3_CODE":"MUS","SVRG_UN":"UN Member State","CAPT":"Port Louis","STAT_CODE":"OA","EU_STAT":"F","EFTA_STAT":"F","CC_STAT":"F","NAME_GERM":"Mauritius"}},{"arcs":[[[950]],[[951]],[[952]],[[953]],[[954]],[[955]],[[956]]],"type":"MultiPolygon","properties":{"CNTR_ID":"MV","CNTR_NAME":"Republic of Maldives","NAME_ENGL":"Maldives","NAME_FREN":"Maldives","ISO3_CODE":"MDV","SVRG_UN":"UN Member State","CAPT":"Male","STAT_CODE":"OA","EU_STAT":"F","EFTA_STAT":"F","CC_STAT":"F","NAME_GERM":"Malediven"}},{"arcs":[[957,958,959]],"type":"Polygon","properties":{"CNTR_ID":"MW","CNTR_NAME":"Malawi-Malaŵi","NAME_ENGL":"Malawi","NAME_FREN":"Malawi","ISO3_CODE":"MWI","SVRG_UN":"UN Member State","CAPT":"Lilongwe","STAT_CODE":"OA","EU_STAT":"F","EFTA_STAT":"F","CC_STAT":"F","NAME_GERM":"Malawi"}},{"arcs":[[[960,-68,-548,961,962]],[[963]],[[964]],[[965]],[[966]]],"type":"MultiPolygon","properties":{"CNTR_ID":"MX","CNTR_NAME":"México","NAME_ENGL":"Mexico","NAME_FREN":"Mexique","ISO3_CODE":"MEX","SVRG_UN":"UN Member State","CAPT":"México","STAT_CODE":"OA","EU_STAT":"F","EFTA_STAT":"F","CC_STAT":"F","NAME_GERM":"Mexiko"}},{"arcs":[[[-653,967,-193,968]],[[969,970]],[[971]],[[972]]],"type":"MultiPolygon","properties":{"CNTR_ID":"MY","CNTR_NAME":"Malaysia","NAME_ENGL":"Malaysia","NAME_FREN":"Malaisie","ISO3_CODE":"MYS","SVRG_UN":"UN Member State","CAPT":"Kuala Lumpur","STAT_CODE":"OA","EU_STAT":"F","EFTA_STAT":"F","CC_STAT":"F","NAME_GERM":"Malaysia"}},{"arcs":[[973,974,975,976,977,-958,978,979]],"type":"Polygon","properties":{"CNTR_ID":"MZ","CNTR_NAME":"Moçambique","NAME_ENGL":"Mozambique","NAME_FREN":"Mozambique","ISO3_CODE":"MOZ","SVRG_UN":"UN Member State","CAPT":"Maputo","STAT_CODE":"OA","EU_STAT":"F","EFTA_STAT":"F","CC_STAT":"F","NAME_GERM":"Mosambik"}},{"arcs":[[980,-60,981,982,-301]],"type":"Polygon","properties":{"CNTR_ID":"NA","CNTR_NAME":"Namibia","NAME_ENGL":"Namibia","NAME_FREN":"Namibie","ISO3_CODE":"NAM","SVRG_UN":"UN Member State","CAPT":"Windhoek","STAT_CODE":"OA","EU_STAT":"F","EFTA_STAT":"F","CC_STAT":"F","NAME_GERM":"Namibia"}},{"arcs":[[[983]],[[984]],[[985]],[[986]],[[987]],[[988]],[[989]]],"type":"MultiPolygon","properties":{"CNTR_ID":"NC","CNTR_NAME":"Nouvelle-Calédonie","NAME_ENGL":"New Caledonia","NAME_FREN":"Nouvelle-Calédonie","ISO3_CODE":"NCL","SVRG_UN":"FR Non-Self-Governing Territory","CAPT":"Nouméa","STAT_CODE":"OA","EU_STAT":"F","EFTA_STAT":"F","CC_STAT":"F","NAME_GERM":"Neukaledonien"}},{"arcs":[[990,991,-190,-171,-934,-386,992]],"type":"Polygon","properties":{"CNTR_ID":"NE","CNTR_NAME":"Niger","NAME_ENGL":"Niger","NAME_FREN":"Niger","ISO3_CODE":"NER","SVRG_UN":"UN Member State","CAPT":"Niamey","STAT_CODE":"OA","EU_STAT":"F","EFTA_STAT":"F","CC_STAT":"F","NAME_GERM":"Niger"}},{"arcs":[[993]],"type":"Polygon","properties":{"CNTR_ID":"NF","CNTR_NAME":"Norfolk Island-Norfuk Ailen","NAME_ENGL":"Norfolk Island","NAME_FREN":"Île Norfolk","ISO3_CODE":"NFK","SVRG_UN":"AU Territory","CAPT":"Kingston","STAT_CODE":"OA","EU_STAT":"F","EFTA_STAT":"F","CC_STAT":"F","NAME_GERM":"Norfolkinsel"}},{"arcs":[[994,-219,995,-187,-992]],"type":"Polygon","properties":{"CNTR_ID":"NG","CNTR_NAME":"Nigeria","NAME_ENGL":"Nigeria","NAME_FREN":"Nigeria","ISO3_CODE":"NGA","SVRG_UN":"UN Member State","CAPT":"Abuja","STAT_CODE":"OA","EU_STAT":"F","EFTA_STAT":"F","CC_STAT":"F","NAME_GERM":"Nigeria"}},{"arcs":[[-269,996,-559,997]],"type":"Polygon","properties":{"CNTR_ID":"NI","CNTR_NAME":"Nicaragua","NAME_ENGL":"Nicaragua","NAME_FREN":"Nicaragua","ISO3_CODE":"NIC","SVRG_UN":"UN Member State","CAPT":"Managua","STAT_CODE":"OA","EU_STAT":"F","EFTA_STAT":"F","CC_STAT":"F","NAME_GERM":"Nicaragua"}},{"arcs":[[[998,-168]],[[-170,999,-368]]],"type":"MultiPolygon","properties":{"CNTR_ID":"NL","CNTR_NAME":"Nederland","NAME_ENGL":"Netherlands","NAME_FREN":"Pays-Bas","ISO3_CODE":"NLD","SVRG_UN":"UN Member State","CAPT":"Amsterdam","STAT_CODE":"OA","EU_STAT":"T","EFTA_STAT":"F","CC_STAT":"F","NAME_GERM":"Niederlande"}},{"arcs":[[[-825,-470,-918,1000]],[[1001]],[[1002]],[[1003]],[[1004]]],"type":"MultiPolygon","properties":{"CNTR_ID":"NO","CNTR_NAME":"Norga-Noreg-Norge","NAME_ENGL":"Norway","NAME_FREN":"Norvège","ISO3_CODE":"NOR","SVRG_UN":"UN Member State","CAPT":"Oslo","STAT_CODE":"OA","EU_STAT":"F","EFTA_STAT":"T","CC_STAT":"F","NAME_GERM":"Norwegen"}},{"arcs":[[-591,-233]],"type":"Polygon","properties":{"CNTR_ID":"NP","CNTR_NAME":"नेपाल","NAME_ENGL":"Nepal","NAME_FREN":"Népal","ISO3_CODE":"NPL","SVRG_UN":"UN Member State","CAPT":"Kathmandu","STAT_CODE":"OA","EU_STAT":"F","EFTA_STAT":"F","CC_STAT":"F","NAME_GERM":"Nepal"}},{"arcs":[[1005]],"type":"Polygon","properties":{"CNTR_ID":"NR","CNTR_NAME":"Nauru-Naoero","NAME_ENGL":"Nauru","NAME_FREN":"Nauru","ISO3_CODE":"NRU","SVRG_UN":"UN Member State","CAPT":"Yaren","STAT_CODE":"OA","EU_STAT":"F","EFTA_STAT":"F","CC_STAT":"F","NAME_GERM":"Nauru"}},{"arcs":[[1006]],"type":"Polygon","properties":{"CNTR_ID":"NU","CNTR_NAME":"Niue-Niuē","NAME_ENGL":"Niue","NAME_FREN":"Niué","ISO3_CODE":"NIU","SVRG_UN":"NZ Territory","CAPT":"Alofi","STAT_CODE":"OA","EU_STAT":"F","EFTA_STAT":"F","CC_STAT":"F","NAME_GERM":"Niue"}},{"arcs":[[[1007]],[[1008]],[[1009]],[[1010]],[[1011]],[[1012]],[[1013]],[[1014]],[[1015]]],"type":"MultiPolygon","properties":{"CNTR_ID":"SJ","CNTR_NAME":"Svalbard Og Jan Mayen","NAME_ENGL":"Svalbard and Jan Mayen","NAME_FREN":"Svalbard et Jan Mayen","ISO3_CODE":"SJM","SVRG_UN":"NO Territory","CAPT":"Longyearbyen","STAT_CODE":"OA","EU_STAT":"F","EFTA_STAT":"T","CC_STAT":"F","NAME_GERM":"Svalbard und Jan Mayen"}},{"arcs":[[1016,-578,-315,-361,1017]],"type":"Polygon","properties":{"CNTR_ID":"SK","CNTR_NAME":"Slovensko","NAME_ENGL":"Slovakia","NAME_FREN":"Slovaquie","ISO3_CODE":"SVK","SVRG_UN":"UN Member State","CAPT":"Bratislava","STAT_CODE":"OA","EU_STAT":"T","EFTA_STAT":"F","CC_STAT":"F","NAME_GERM":"Slowakei"}},{"arcs":[[1018,1019,-534]],"type":"Polygon","properties":{"CNTR_ID":"SL","CNTR_NAME":"Sierra Leone","NAME_ENGL":"Sierra Leone","NAME_FREN":"Sierra Leone","ISO3_CODE":"SLE","SVRG_UN":"UN Member State","CAPT":"Freetown","STAT_CODE":"OA","EU_STAT":"F","EFTA_STAT":"F","CC_STAT":"F","NAME_GERM":"Sierra Leone"}},{"arcs":[[-87]],"type":"Polygon","properties":{"CNTR_ID":"SM","CNTR_NAME":"San Marino","NAME_ENGL":"San Marino","NAME_FREN":"Saint-Marin","ISO3_CODE":"SMR","SVRG_UN":"UN Member State","CAPT":"San Marino","STAT_CODE":"OA","EU_STAT":"F","EFTA_STAT":"F","CC_STAT":"F","NAME_GERM":"San Marino"}},{"arcs":[[-935,-537,-551,1020,-530,1021,-943]],"type":"Polygon","properties":{"CNTR_ID":"SN","CNTR_NAME":"Sénégal","NAME_ENGL":"Senegal","NAME_FREN":"Sénégal","ISO3_CODE":"SEN","SVRG_UN":"UN Member State","CAPT":"Dakar","STAT_CODE":"OA","EU_STAT":"F","EFTA_STAT":"F","CC_STAT":"F","NAME_GERM":"Senegal"}},{"arcs":[[-116,-464,-373,1022]],"type":"Polygon","properties":{"CNTR_ID":"SO","CNTR_NAME":"الصومال-Soomaaliya","NAME_ENGL":"Somalia","NAME_FREN":"Somalie","ISO3_CODE":"SOM","SVRG_UN":"UN Member State","CAPT":"Mogadishu","STAT_CODE":"OA","EU_STAT":"F","EFTA_STAT":"F","CC_STAT":"F","NAME_GERM":"Somalia"}},{"arcs":[[-492,-324,-554,1023]],"type":"Polygon","properties":{"CNTR_ID":"SR","CNTR_NAME":"Suriname","NAME_ENGL":"Suriname","NAME_FREN":"Suriname","ISO3_CODE":"SUR","SVRG_UN":"UN Member State","CAPT":"Paramaribo","STAT_CODE":"OA","EU_STAT":"F","EFTA_STAT":"F","CC_STAT":"F","NAME_GERM":"Suriname"}},{"arcs":[[-465,-122,1024,-120,1025,-792,-801,-911,1026,-909]],"type":"Polygon","properties":{"CNTR_ID":"SS","CNTR_NAME":"South Sudan","NAME_ENGL":"South Sudan","NAME_FREN":"Soudan du Sud","ISO3_CODE":"SSD","SVRG_UN":"UN Member State","CAPT":"Juba","STAT_CODE":"OA","EU_STAT":"F","EFTA_STAT":"F","CC_STAT":"F","NAME_GERM":"Südsudan"}},{"arcs":[[1027]],"type":"Polygon","properties":{"CNTR_ID":"ST","CNTR_NAME":"São Tomé E Príncipe","NAME_ENGL":"São Tomé and Príncipe","NAME_FREN":"Sao Tomé-et-Principe","ISO3_CODE":"STP","SVRG_UN":"UN Member State","CAPT":"Sao Tomé","STAT_CODE":"OA","EU_STAT":"F","EFTA_STAT":"F","CC_STAT":"F","NAME_GERM":"São Tomé und Príncipe"}},{"arcs":[[1028,-546,-561]],"type":"Polygon","properties":{"CNTR_ID":"SV","CNTR_NAME":"El Salvador","NAME_ENGL":"El Salvador","NAME_FREN":"El Salvador","ISO3_CODE":"SLV","SVRG_UN":"UN Member State","CAPT":"San Salvador","STAT_CODE":"OA","EU_STAT":"F","EFTA_STAT":"F","CC_STAT":"F","NAME_GERM":"El Salvador"}},{"arcs":[[1029]],"type":"Polygon","properties":{"CNTR_ID":"SX","CNTR_NAME":"Sint-Maarten","NAME_ENGL":"Sint-Maarten","NAME_FREN":"SINT-MAARTEN","ISO3_CODE":"SXM","SVRG_UN":"NL Self-Governing Territory","CAPT":"Philipsburg","STAT_CODE":"OA","EU_STAT":"F","EFTA_STAT":"F","CC_STAT":"F","NAME_GERM":null}},{"arcs":[[-609,-98,-586,1030,1031,1032]],"type":"Polygon","properties":{"CNTR_ID":"SY","CNTR_NAME":"سوريا","NAME_ENGL":"Syria","NAME_FREN":"Syrie","ISO3_CODE":"SYR","SVRG_UN":"UN Member State","CAPT":"Damascus","STAT_CODE":"OA","EU_STAT":"F","EFTA_STAT":"F","CC_STAT":"F","NAME_GERM":"Syrien"}},{"arcs":[[-975,1033]],"type":"Polygon","properties":{"CNTR_ID":"SZ","CNTR_NAME":"Kingdom of Eswatini","NAME_ENGL":"Eswatini","NAME_FREN":"Eswatini","ISO3_CODE":"SWZ","SVRG_UN":"UN Member State","CAPT":"Mbabane (adm.)","STAT_CODE":"OA","EU_STAT":"F","EFTA_STAT":"F","CC_STAT":"F","NAME_GERM":"Eswantini"}},{"arcs":[[[1034]],[[1035]]],"type":"MultiPolygon","properties":{"CNTR_ID":"TC","CNTR_NAME":"Turks and Caicos Islands","NAME_ENGL":"Turks and Caicos Islands","NAME_FREN":"Îles Turks-et-Caïcos","ISO3_CODE":"TCA","SVRG_UN":"UK Non-Self-Governing Territory","CAPT":"Cockburn Town","STAT_CODE":"OA","EU_STAT":"F","EFTA_STAT":"F","CC_STAT":"F","NAME_GERM":"Turks- und Caicosinseln"}},{"arcs":[[-912,-803,-220,-995,-991,1036]],"type":"Polygon","properties":{"CNTR_ID":"TD","CNTR_NAME":"تشاد-Tchad","NAME_ENGL":"Chad","NAME_FREN":"Tchad","ISO3_CODE":"TCD","SVRG_UN":"UN Member State","CAPT":"N'Djamena","STAT_CODE":"OA","EU_STAT":"F","EFTA_STAT":"F","CC_STAT":"F","NAME_GERM":"Tschad"}},{"arcs":[[[1037]],[[1038]],[[1039]]],"type":"MultiPolygon","properties":{"CNTR_ID":"TF","CNTR_NAME":"Terres Australes Et Antarctiques Françaises","NAME_ENGL":"French Southern and Antarctic Lands","NAME_FREN":"Terres australes et antarctiques françaises","ISO3_CODE":"ATF","SVRG_UN":"FR Territory","CAPT":"Port-aux-Français","STAT_CODE":"OA","EU_STAT":"F","EFTA_STAT":"F","CC_STAT":"F","NAME_GERM":"Französischen Süd- und Antarktisgebiete"}},{"arcs":[[-189,1040,-510,-173]],"type":"Polygon","properties":{"CNTR_ID":"TG","CNTR_NAME":"Togo","NAME_ENGL":"Togo","NAME_FREN":"Togo","ISO3_CODE":"TGO","SVRG_UN":"UN Member State","CAPT":"Lomé","STAT_CODE":"OA","EU_STAT":"F","EFTA_STAT":"F","CC_STAT":"F","NAME_GERM":"Togo"}},{"arcs":[[[-128,1041,-971,1042,-938,1043]],[[1044]]],"type":"MultiPolygon","properties":{"CNTR_ID":"TH","CNTR_NAME":"ประเทศไทย","NAME_ENGL":"Thailand","NAME_FREN":"Thaïlande","ISO3_CODE":"THA","SVRG_UN":"UN Member State","CAPT":"Bangkok","STAT_CODE":"OA","EU_STAT":"F","EFTA_STAT":"F","CC_STAT":"F","NAME_GERM":"Thailand"}},{"arcs":[[-124,-247,-290,1045]],"type":"Polygon","properties":{"CNTR_ID":"TJ","CNTR_NAME":"Тоҷикистон","NAME_ENGL":"Tajikistan","NAME_FREN":"Tadjikistan","ISO3_CODE":"TJK","SVRG_UN":"UN Member State","CAPT":"Dushanbe","STAT_CODE":"OA","EU_STAT":"F","EFTA_STAT":"F","CC_STAT":"F","NAME_GERM":"Tadschikistan"}},{"arcs":[[[1047]],[[1048]]],"type":"MultiPolygon","properties":{"CNTR_ID":"TK","CNTR_NAME":"Tokelau-Tokelau","NAME_ENGL":"Tokelau","NAME_FREN":"Tokélaou","ISO3_CODE":"TKL","SVRG_UN":"NZ Non-Self-Governing Territory","CAPT":"Atafu","STAT_CODE":"OA","EU_STAT":"F","EFTA_STAT":"F","CC_STAT":"F","NAME_GERM":"Tokelau"}},{"arcs":[[[-661,1051]],[[-663,1052]]],"type":"MultiPolygon","properties":{"CNTR_ID":"TL","CNTR_NAME":"Timor-Leste-Timor Lorosae","NAME_ENGL":"Timor-Leste","NAME_FREN":"Timor-Oriental","ISO3_CODE":"TLS","SVRG_UN":"UN Member State","CAPT":"Dili","STAT_CODE":"OA","EU_STAT":"F","EFTA_STAT":"F","CC_STAT":"F","NAME_GERM":"Timor-Leste"}},{"arcs":[[-288,-75,1053,1054,1055]],"type":"Polygon","properties":{"CNTR_ID":"TM","CNTR_NAME":"Türkmenistan","NAME_ENGL":"Turkmenistan","NAME_FREN":"Turkménistan","ISO3_CODE":"TKM","SVRG_UN":"UN Member State","CAPT":"Ashgabat","STAT_CODE":"OA","EU_STAT":"F","EFTA_STAT":"F","CC_STAT":"F","NAME_GERM":"Turkmenistan"}},{"arcs":[[1056,-384,1057]],"type":"Polygon","properties":{"CNTR_ID":"TN","CNTR_NAME":"تونس","NAME_ENGL":"Tunisia","NAME_FREN":"Tunisie","ISO3_CODE":"TUN","SVRG_UN":"UN Member State","CAPT":"Tunis","STAT_CODE":"OA","EU_STAT":"F","EFTA_STAT":"F","CC_STAT":"F","NAME_GERM":"Tunesien"}},{"arcs":[[[1058]],[[1059]],[[1060]],[[1061]]],"type":"MultiPolygon","properties":{"CNTR_ID":"TO","CNTR_NAME":"Tonga-Tonga","NAME_ENGL":"Tonga","NAME_FREN":"Tonga","ISO3_CODE":"TON","SVRG_UN":"UN Member State","CAPT":"Nuku'alofa","STAT_CODE":"OA","EU_STAT":"F","EFTA_STAT":"F","CC_STAT":"F","NAME_GERM":"Tonga"}},{"arcs":[[[1062,-353,1063]],[[1064]],[[1065]],[[1066]]],"type":"MultiPolygon","properties":{"CNTR_ID":"KR","CNTR_NAME":"대한민국","NAME_ENGL":"South Korea","NAME_FREN":"Corée du Sud","ISO3_CODE":"KOR","SVRG_UN":"UN Member State","CAPT":"Seoul","STAT_CODE":"OA","EU_STAT":"F","EFTA_STAT":"F","CC_STAT":"F","NAME_GERM":"Südkorea"}},{"arcs":[[1067,-812,-607]],"type":"Polygon","properties":{"CNTR_ID":"KW","CNTR_NAME":"الكويت","NAME_ENGL":"Kuwait","NAME_FREN":"Koweït","ISO3_CODE":"KWT","SVRG_UN":"UN Member State","CAPT":"Kuwait","STAT_CODE":"OA","EU_STAT":"F","EFTA_STAT":"F","CC_STAT":"F","NAME_GERM":"Kuwait"}},{"arcs":[[1068]],"type":"Polygon","properties":{"CNTR_ID":"KY","CNTR_NAME":"Cayman Islands","NAME_ENGL":"Cayman Islands","NAME_FREN":"Îles Caïmans","ISO3_CODE":"CYM","SVRG_UN":"UK Non-Self-Governing Territory","CAPT":"George Town","STAT_CODE":"OA","EU_STAT":"F","EFTA_STAT":"F","CC_STAT":"F","NAME_GERM":"Kaimaninseln"}},{"arcs":[[[-248,-126,1069,-1055,1070,-819]],[[-827]]],"type":"MultiPolygon","properties":{"CNTR_ID":"KZ","CNTR_NAME":"Қазақстан","NAME_ENGL":"Kazakhstan","NAME_FREN":"Kazakhstan","ISO3_CODE":"KAZ","SVRG_UN":"UN Member State","CAPT":"Nur-Sultan","STAT_CODE":"OA","EU_STAT":"F","EFTA_STAT":"F","CC_STAT":"F","NAME_GERM":"Kasachstan"}},{"arcs":[[-129,-1044,-937,-228,1071]],"type":"Polygon","properties":{"CNTR_ID":"LA","CNTR_NAME":"ປະເທດລາວ","NAME_ENGL":"Laos","NAME_FREN":"Laos","ISO3_CODE":"LAO","SVRG_UN":"UN Member State","CAPT":"Vientiane","STAT_CODE":"OA","EU_STAT":"F","EFTA_STAT":"F","CC_STAT":"F","NAME_GERM":"Laos"}},{"arcs":[[-585,1072,-1031]],"type":"Polygon","properties":{"CNTR_ID":"LB","CNTR_NAME":"لبنان","NAME_ENGL":"Lebanon","NAME_FREN":"Liban","ISO3_CODE":"LBN","SVRG_UN":"UN Member State","CAPT":"Beirut","STAT_CODE":"OA","EU_STAT":"F","EFTA_STAT":"F","CC_STAT":"F","NAME_GERM":"Libanon"}},{"arcs":[[1073]],"type":"Polygon","properties":{"CNTR_ID":"LC","CNTR_NAME":"Saint Lucia","NAME_ENGL":"Saint Lucia","NAME_FREN":"Sainte-Lucie","ISO3_CODE":"LCA","SVRG_UN":"UN Member State","CAPT":"Castries","STAT_CODE":"OA","EU_STAT":"F","EFTA_STAT":"F","CC_STAT":"F","NAME_GERM":"St. Lucia"}},{"arcs":[[-805,-319]],"type":"Polygon","properties":{"CNTR_ID":"LI","CNTR_NAME":"Liechtenstein","NAME_ENGL":"Liechtenstein","NAME_FREN":"Liechtenstein","ISO3_CODE":"LIE","SVRG_UN":"UN Member State","CAPT":"Vaduz","STAT_CODE":"OA","EU_STAT":"F","EFTA_STAT":"T","CC_STAT":"F","NAME_GERM":"Liechtenstein"}},{"arcs":[[1074]],"type":"Polygon","properties":{"CNTR_ID":"LK","CNTR_NAME":"ශ්‍රී ලංකාව-இலங்கை","NAME_ENGL":"Sri Lanka","NAME_FREN":"Sri Lanka","ISO3_CODE":"LKA","SVRG_UN":"UN Member State","CAPT":"Sri Jayewardenepura Kotte","STAT_CODE":"OA","EU_STAT":"F","EFTA_STAT":"F","CC_STAT":"F","NAME_GERM":"Sri Lanka"}},{"arcs":[[-807,1075,-1019,-533]],"type":"Polygon","properties":{"CNTR_ID":"LR","CNTR_NAME":"Liberia","NAME_ENGL":"Liberia","NAME_FREN":"Liberia","ISO3_CODE":"LBR","SVRG_UN":"UN Member State","CAPT":"Monrovia","STAT_CODE":"OA","EU_STAT":"F","EFTA_STAT":"F","CC_STAT":"F","NAME_GERM":"Liberia"}},{"arcs":[[1076]],"type":"Polygon","properties":{"CNTR_ID":"LS","CNTR_NAME":"Lesotho-Lesotho","NAME_ENGL":"Lesotho","NAME_FREN":"Lesotho","ISO3_CODE":"LSO","SVRG_UN":"UN Member State","CAPT":"Maseru","STAT_CODE":"OA","EU_STAT":"F","EFTA_STAT":"F","CC_STAT":"F","NAME_GERM":"Lesotho"}},{"arcs":[[-64,1077,-837,1078,1079]],"type":"Polygon","properties":{"CNTR_ID":"LT","CNTR_NAME":"Lietuva","NAME_ENGL":"Lithuania","NAME_FREN":"Lituanie","ISO3_CODE":"LTU","SVRG_UN":"UN Member State","CAPT":"Vilnius","STAT_CODE":"OA","EU_STAT":"T","EFTA_STAT":"F","CC_STAT":"F","NAME_GERM":"Litauen"}},{"arcs":[[-367,-486,-165]],"type":"Polygon","properties":{"CNTR_ID":"LU","CNTR_NAME":"Luxemburg-Luxembourg-Lëtzebuerg","NAME_ENGL":"Luxembourg","NAME_FREN":"Luxembourg","ISO3_CODE":"LUX","SVRG_UN":"UN Member State","CAPT":"Luxembourg","STAT_CODE":"OA","EU_STAT":"T","EFTA_STAT":"F","CC_STAT":"F","NAME_GERM":"Luxemburg"}},{"arcs":[[-65,-1080,1080,-399,-823]],"type":"Polygon","properties":{"CNTR_ID":"LV","CNTR_NAME":"Latvija","NAME_ENGL":"Latvia","NAME_FREN":"Lettonie","ISO3_CODE":"LVA","SVRG_UN":"UN Member State","CAPT":"Riga","STAT_CODE":"OA","EU_STAT":"T","EFTA_STAT":"F","CC_STAT":"F","NAME_GERM":"Lettland"}},{"arcs":[[-409,-913,-1037,-993,-385,-1057,1081]],"type":"Polygon","properties":{"CNTR_ID":"LY","CNTR_NAME":"دولة ليبيا","NAME_ENGL":"Libya","NAME_FREN":"Libye","ISO3_CODE":"LBY","SVRG_UN":"UN Member State","CAPT":"Tripoli","STAT_CODE":"OA","EU_STAT":"F","EFTA_STAT":"F","CC_STAT":"F","NAME_GERM":"Libyen"}},{"arcs":[[1082,-462,1083,-390,-413,1084,-460]],"type":"Polygon","properties":{"CNTR_ID":"MA","CNTR_NAME":"المغرب","NAME_ENGL":"Morocco","NAME_FREN":"Maroc","ISO3_CODE":"MAR","SVRG_UN":"UN Member State","CAPT":"Rabat","STAT_CODE":"OA","EU_STAT":"F","EFTA_STAT":"F","CC_STAT":"F","NAME_GERM":"Marokko"}},{"arcs":[[1085,-489]],"type":"Polygon","properties":{"CNTR_ID":"MC","CNTR_NAME":"Monaco","NAME_ENGL":"Monaco","NAME_FREN":"Monaco","ISO3_CODE":"MCO","SVRG_UN":"UN Member State","CAPT":"Monaco","STAT_CODE":"OA","EU_STAT":"F","EFTA_STAT":"F","CC_STAT":"F","NAME_GERM":"Monaco"}},{"arcs":[[1086,1087]],"type":"Polygon","properties":{"CNTR_ID":"MD","CNTR_NAME":"Moldova","NAME_ENGL":"Moldova","NAME_FREN":"Moldavie","ISO3_CODE":"MDA","SVRG_UN":"UN Member State","CAPT":"Chisinau","STAT_CODE":"OA","EU_STAT":"F","EFTA_STAT":"F","CC_STAT":"T","NAME_GERM":"Moldau"}},{"arcs":[[-297,1088,-565,-158,1089]],"type":"Polygon","properties":{"CNTR_ID":"ME","CNTR_NAME":"Црна Гора","NAME_ENGL":"Montenegro","NAME_FREN":"Monténégro","ISO3_CODE":"MNE","SVRG_UN":"UN Member State","CAPT":"Podgorica","STAT_CODE":"OA","EU_STAT":"F","EFTA_STAT":"F","CC_STAT":"T","NAME_GERM":"Montenegro"}},{"arcs":[[[1090]],[[1091]],[[1092]],[[1093]],[[1094]],[[1095]],[[1096]],[[1097]],[[1098]],[[1099]],[[1100]],[[1101]],[[1102]],[[1103]],[[1104]],[[1105]],[[1106]],[[1107]],[[1108]],[[1109]],[[1110]],[[1111]],[[1112]],[[1113]]],"type":"MultiPolygon","properties":{"CNTR_ID":"PH","CNTR_NAME":"Philippines-Pilipinas","NAME_ENGL":"Philippines","NAME_FREN":"Philippines","ISO3_CODE":"PHL","SVRG_UN":"UN Member State","CAPT":"Manila","STAT_CODE":"OA","EU_STAT":"F","EFTA_STAT":"F","CC_STAT":"F","NAME_GERM":"Philippinen"}},{"arcs":[[-597,1114,-595,1115,-77,-287,1116]],"type":"Polygon","properties":{"CNTR_ID":"PK","CNTR_NAME":"Pakistan-پاكستان","NAME_ENGL":"Pakistan","NAME_FREN":"Pakistan","ISO3_CODE":"PAK","SVRG_UN":"UN Member State","CAPT":"Islamabad","STAT_CODE":"OA","EU_STAT":"F","EFTA_STAT":"F","CC_STAT":"F","NAME_GERM":"Pakistan"}},{"arcs":[[-835,-1078,-63,1117,-1018,-360,-364,1118]],"type":"Polygon","properties":{"CNTR_ID":"PL","CNTR_NAME":"Polska","NAME_ENGL":"Poland","NAME_FREN":"Pologne","ISO3_CODE":"POL","SVRG_UN":"UN Member State","CAPT":"Warsaw","STAT_CODE":"OA","EU_STAT":"T","EFTA_STAT":"F","CC_STAT":"F","NAME_GERM":"Polen"}},{"arcs":[[1119]],"type":"Polygon","properties":{"CNTR_ID":"PM","CNTR_NAME":"Saint-Pierre-Et-Miquelon","NAME_ENGL":"Saint Pierre and Miquelon","NAME_FREN":"Saint-Pierre-et-Miquelon","ISO3_CODE":"SPM","SVRG_UN":"FR Territory","CAPT":"Saint-Pierre","STAT_CODE":"OA","EU_STAT":"F","EFTA_STAT":"F","CC_STAT":"F","NAME_GERM":"St. Pierre und Miquelon"}},{"arcs":[[1120]],"type":"Polygon","properties":{"CNTR_ID":"PN","CNTR_NAME":"Pitcairn Islands-Pitkern Ailen","NAME_ENGL":"Pitcairn Islands","NAME_FREN":"Îles Pitcairn","ISO3_CODE":"PCN","SVRG_UN":"UK Non-Self-Governing Territory","CAPT":"Adamstown","STAT_CODE":"OA","EU_STAT":"F","EFTA_STAT":"F","CC_STAT":"F","NAME_GERM":"Pitcairninseln"}},{"arcs":[[1121]],"type":"Polygon","properties":{"CNTR_ID":"PR","CNTR_NAME":"Puerto Rico","NAME_ENGL":"Puerto Rico","NAME_FREN":"Porto Rico","ISO3_CODE":"PRI","SVRG_UN":"US Territory","CAPT":"San Juan","STAT_CODE":"OA","EU_STAT":"F","EFTA_STAT":"F","CC_STAT":"F","NAME_GERM":"Puerto Rico"}},{"arcs":[[[-581,-96]],[[-403,1122,-583]]],"type":"MultiPolygon","properties":{"CNTR_ID":"PS","CNTR_NAME":"فلسطين","NAME_ENGL":"Palestine","NAME_FREN":"Palestine","ISO3_CODE":"PSE","SVRG_UN":"Non-member observer state","CAPT":null,"STAT_CODE":"OA","EU_STAT":"F","EFTA_STAT":"F","CC_STAT":"F","NAME_GERM":"Palästina"}},{"arcs":[[[1123,-448]],[[1124]],[[1125]],[[1126]],[[1127]],[[1128]],[[1129]],[[1130]]],"type":"MultiPolygon","properties":{"CNTR_ID":"PT","CNTR_NAME":"Portugal","NAME_ENGL":"Portugal","NAME_FREN":"Portugal","ISO3_CODE":"PRT","SVRG_UN":"UN Member State","CAPT":"Lisbon","STAT_CODE":"OA","EU_STAT":"T","EFTA_STAT":"F","CC_STAT":"F","NAME_GERM":"Portugal"}},{"arcs":[[[1131]],[[1132]],[[1133]]],"type":"MultiPolygon","properties":{"CNTR_ID":"PW","CNTR_NAME":"Palau-Belau","NAME_ENGL":"Palau","NAME_FREN":"Palaos","ISO3_CODE":"PLW","SVRG_UN":"UN Member State","CAPT":"Koror","STAT_CODE":"OA","EU_STAT":"F","EFTA_STAT":"F","CC_STAT":"F","NAME_GERM":"Palau"}},{"arcs":[[-328,-307,-196]],"type":"Polygon","properties":{"CNTR_ID":"PY","CNTR_NAME":"Paraguay-Paraguái","NAME_ENGL":"Paraguay","NAME_FREN":"Paraguay","ISO3_CODE":"PRY","SVRG_UN":"UN Member State","CAPT":"Asunción","STAT_CODE":"OA","EU_STAT":"F","EFTA_STAT":"F","CC_STAT":"F","NAME_GERM":"Paraguay"}},{"arcs":[[-814,1134]],"type":"Polygon","properties":{"CNTR_ID":"QA","CNTR_NAME":"قطر","NAME_ENGL":"Qatar","NAME_FREN":"Qatar","ISO3_CODE":"QAT","SVRG_UN":"UN Member State","CAPT":"Doha","STAT_CODE":"OA","EU_STAT":"F","EFTA_STAT":"F","CC_STAT":"F","NAME_GERM":"Katar"}},{"arcs":[[1135,1136,-182,1137,-575,1138,-1087]],"type":"Polygon","properties":{"CNTR_ID":"RO","CNTR_NAME":"România","NAME_ENGL":"Romania","NAME_FREN":"Roumanie","ISO3_CODE":"ROU","SVRG_UN":"UN Member State","CAPT":"Bucharest","STAT_CODE":"OA","EU_STAT":"T","EFTA_STAT":"F","CC_STAT":"F","NAME_GERM":"Rumänien"}},{"arcs":[[-181,-933,-293,-1090,-157,-564,-576,-1138]],"type":"Polygon","properties":{"CNTR_ID":"RS","CNTR_NAME":"Србија","NAME_ENGL":"Serbia","NAME_FREN":"Serbie","ISO3_CODE":"SRB","SVRG_UN":"UN Member State","CAPT":"Belgrade","STAT_CODE":"OA","EU_STAT":"F","EFTA_STAT":"F","CC_STAT":"T","NAME_GERM":"Serbien"}},{"arcs":[[-185,-794,1139,1140]],"type":"Polygon","properties":{"CNTR_ID":"RW","CNTR_NAME":"Rwanda-Rwanda-Rwanda","NAME_ENGL":"Rwanda","NAME_FREN":"Rwanda","ISO3_CODE":"RWA","SVRG_UN":"UN Member State","CAPT":"Kigali","STAT_CODE":"OA","EU_STAT":"F","EFTA_STAT":"F","CC_STAT":"F","NAME_GERM":"Ruanda"}},{"arcs":[[[1141]],[[1142]],[[1143]],[[1144]]],"type":"MultiPolygon","properties":{"CNTR_ID":"XI","CNTR_NAME":"Kuril Islands (Disputed Territory)","NAME_ENGL":"Kuril Islands","NAME_FREN":null,"ISO3_CODE":"XI","SVRG_UN":"Sovereignty unsettled","CAPT":null,"STAT_CODE":"UA","EU_STAT":"F","EFTA_STAT":"F","CC_STAT":"F","NAME_GERM":null}},{"arcs":[[1145]],"type":"Polygon","properties":{"CNTR_ID":"XL","CNTR_NAME":"Navassa Island (Disputed Territory)","NAME_ENGL":"Navassa Island","NAME_FREN":null,"ISO3_CODE":"XL","SVRG_UN":"US Territory","CAPT":null,"STAT_CODE":"UA","EU_STAT":"F","EFTA_STAT":"F","CC_STAT":"F","NAME_GERM":null}},{"arcs":[[1146]],"type":"Polygon","properties":{"CNTR_ID":"XM","CNTR_NAME":"Scarborough Reef (Disputed Territory)","NAME_ENGL":"Scarborough Reef","NAME_FREN":null,"ISO3_CODE":"XM","SVRG_UN":"Sovereignty unsettled","CAPT":null,"STAT_CODE":"UA","EU_STAT":"F","EFTA_STAT":"F","CC_STAT":"F","NAME_GERM":null}},{"arcs":[[1147]],"type":"Polygon","properties":{"CNTR_ID":"XN","CNTR_NAME":"Senkaku Islands (Disputed Territory)","NAME_ENGL":"Senkaku Islands","NAME_FREN":null,"ISO3_CODE":"XN","SVRG_UN":"Sovereignty unsettled","CAPT":null,"STAT_CODE":"UA","EU_STAT":"F","EFTA_STAT":"F","CC_STAT":"F","NAME_GERM":null}},{"arcs":[[[1148]],[[1149]],[[1150]],[[1151]],[[1152]]],"type":"MultiPolygon","properties":{"CNTR_ID":"XO","CNTR_NAME":"Fr Territory (Juan de Nova, Glorioso, Europa, Tromelin, Bassas Da India)","NAME_ENGL":"Bassas Da India","NAME_FREN":null,"ISO3_CODE":"XO","SVRG_UN":"FR Territory","CAPT":null,"STAT_CODE":"UA","EU_STAT":"F","EFTA_STAT":"F","CC_STAT":"F","NAME_GERM":null}},{"arcs":[[-1027,-910]],"type":"Polygon","properties":{"CNTR_ID":"XU","CNTR_NAME":"Abyei Region (Disputed Territory)","NAME_ENGL":"Abyei","NAME_FREN":null,"ISO3_CODE":"XU","SVRG_UN":"Sovereignty unsettled","CAPT":null,"STAT_CODE":"UA","EU_STAT":"F","EFTA_STAT":"F","CC_STAT":"F","NAME_GERM":null}},{"arcs":[[-407,-914]],"type":"Polygon","properties":{"CNTR_ID":"XV","CNTR_NAME":"Bir Tawil (Disputed Territory)","NAME_ENGL":"Bir Tawil (Disputed Territory)","NAME_FREN":null,"ISO3_CODE":"XV","SVRG_UN":"Sovereignty unsettled","CAPT":null,"STAT_CODE":"UA","EU_STAT":"F","EFTA_STAT":"F","CC_STAT":"F","NAME_GERM":null}},{"arcs":[[[-621,1153,-816]],[[1154]],[[1155]]],"type":"MultiPolygon","properties":{"CNTR_ID":"YE","CNTR_NAME":"اليمن","NAME_ENGL":"Yemen","NAME_FREN":"Yémen","ISO3_CODE":"YEM","SVRG_UN":"UN Member State","CAPT":"Sana’a","STAT_CODE":"OA","EU_STAT":"F","EFTA_STAT":"F","CC_STAT":"F","NAME_GERM":"Jemen"}},{"arcs":[[[-1034,-974,1156,-982,-59,1157,-976],[-1077]],[[1158]]],"type":"MultiPolygon","properties":{"CNTR_ID":"ZA","CNTR_NAME":"Suid-Afrika-South Africa-Sewula Afrika-Afrika-Borwa-Afrika-Borwa-Ningizimu Afrika-Aforika Borwa-Afrika Dzonga-Afurika Tshipembe-Mzantsi Afrika-Ningizimu Afrika","NAME_ENGL":"South Africa","NAME_FREN":"Afrique du Sud","ISO3_CODE":"ZAF","SVRG_UN":"UN Member State","CAPT":"Pretoria (Adm.)","STAT_CODE":"OA","EU_STAT":"F","EFTA_STAT":"F","CC_STAT":"F","NAME_GERM":"Südafrika"}},{"arcs":[[-959,-978,1159,-61,-981,-300,-796,1160]],"type":"Polygon","properties":{"CNTR_ID":"ZM","CNTR_NAME":"Zambia","NAME_ENGL":"Zambia","NAME_FREN":"Zambie","ISO3_CODE":"ZMB","SVRG_UN":"UN Member State","CAPT":"Lusaka","STAT_CODE":"OA","EU_STAT":"F","EFTA_STAT":"F","CC_STAT":"F","NAME_GERM":"Sambia"}},{"arcs":[[-1158,-58,-1160,-977]],"type":"Polygon","properties":{"CNTR_ID":"ZW","CNTR_NAME":"Zimbabwe","NAME_ENGL":"Zimbabwe","NAME_FREN":"Zimbabwe","ISO3_CODE":"ZWE","SVRG_UN":"UN Member State","CAPT":"Harare","STAT_CODE":"OA","EU_STAT":"F","EFTA_STAT":"F","CC_STAT":"F","NAME_GERM":"Simbabwe"}},{"arcs":[[[1161]],[[1162]],[[1163]],[[1164]],[[1165]],[[1166]],[[1167]],[[1168]],[[1169]],[[1170]]],"type":"MultiPolygon","properties":{"CNTR_ID":"PF","CNTR_NAME":"Polynésie Française","NAME_ENGL":"French Polynesia","NAME_FREN":"Polynésie française","ISO3_CODE":"PYF","SVRG_UN":"FR Territory","CAPT":"Papeete","STAT_CODE":"OA","EU_STAT":"F","EFTA_STAT":"F","CC_STAT":"F","NAME_GERM":"Französisch-Polynesien"}},{"arcs":[[[1171]],[[1172]],[[1173]],[[1174]],[[1175]],[[1176]],[[1177]]],"type":"MultiPolygon","properties":{"CNTR_ID":"KI","CNTR_NAME":"Kiribati","NAME_ENGL":"Kiribati","NAME_FREN":"Kiribati","ISO3_CODE":"KIR","SVRG_UN":"UN Member State","CAPT":"Tarawa","STAT_CODE":"OA","EU_STAT":"F","EFTA_STAT":"F","CC_STAT":"F","NAME_GERM":"Kiribati"}},{"arcs":[[[1178]],[[1179]],[[1180]]],"type":"MultiPolygon","properties":{"CNTR_ID":"SC","CNTR_NAME":"Sesel-Seychelles-Seychelles","NAME_ENGL":"Seychelles","NAME_FREN":"Seychelles","ISO3_CODE":"SYC","SVRG_UN":"UN Member State","CAPT":"Victoria","STAT_CODE":"OA","EU_STAT":"F","EFTA_STAT":"F","CC_STAT":"F","NAME_GERM":"Seychellen"}},{"arcs":[[[-504,-298,-151,-80,-610,-1033,1181]],[[-416,-178,1182]],[[1183]]],"type":"MultiPolygon","properties":{"CNTR_ID":"TR","CNTR_NAME":"Türkiye","NAME_ENGL":"Türkiye","NAME_FREN":"Turquie","ISO3_CODE":"TUR","SVRG_UN":"UN Member State","CAPT":"Ankara","STAT_CODE":"OA","EU_STAT":"F","EFTA_STAT":"F","CC_STAT":"T","NAME_GERM":"Türkei"}},{"arcs":[[1184]],"type":"Polygon","properties":{"CNTR_ID":"TT","CNTR_NAME":"Trinidad and Tobago","NAME_ENGL":"Trinidad and Tobago","NAME_FREN":"Trinidad-et-Tobago","ISO3_CODE":"TTO","SVRG_UN":"UN Member State","CAPT":"Port of Spain","STAT_CODE":"OA","EU_STAT":"F","EFTA_STAT":"F","CC_STAT":"F","NAME_GERM":"Trinidad und Tobago"}},{"arcs":[[1185]],"type":"Polygon","properties":{"CNTR_ID":"TV","CNTR_NAME":"Tuvalu-Tuvalu","NAME_ENGL":"Tuvalu","NAME_FREN":"Tuvalu","ISO3_CODE":"TUV","SVRG_UN":"UN Member State","CAPT":"Funafuti","STAT_CODE":"OA","EU_STAT":"F","EFTA_STAT":"F","CC_STAT":"F","NAME_GERM":"Tuvalu"}},{"arcs":[[[-960,-1161,-795,-186,-1141,1186,-118,1187,-979]],[[1188]],[[1189]]],"type":"MultiPolygon","properties":{"CNTR_ID":"TZ","CNTR_NAME":"Tanzania","NAME_ENGL":"United Republic of Tanzania","NAME_FREN":"République-Unie de Tanzanie","ISO3_CODE":"TZA","SVRG_UN":"UN Member State","CAPT":"Dodoma","STAT_CODE":"OA","EU_STAT":"F","EFTA_STAT":"F","CC_STAT":"F","NAME_GERM":"Tansania"}},{"arcs":[[1190,-1136,-1088,-1139,-574,-1017,-1118,-62,-822]],"type":"Polygon","properties":{"CNTR_ID":"UA","CNTR_NAME":"Україна","NAME_ENGL":"Ukraine","NAME_FREN":"Ukraine","ISO3_CODE":"UKR","SVRG_UN":"UN Member State","CAPT":"Kyïv","STAT_CODE":"OA","EU_STAT":"F","EFTA_STAT":"F","CC_STAT":"T","NAME_GERM":"Ukraine"}},{"arcs":[[-1187,-1140,-793,-1026,-119]],"type":"Polygon","properties":{"CNTR_ID":"UG","CNTR_NAME":"Uganda-Uganda","NAME_ENGL":"Uganda","NAME_FREN":"Ouganda","ISO3_CODE":"UGA","SVRG_UN":"UN Member State","CAPT":"Kampala","STAT_CODE":"OA","EU_STAT":"F","EFTA_STAT":"F","CC_STAT":"F","NAME_GERM":"Uganda"}},{"arcs":[[[1191,-580]],[[1192,1193]],[[1194]],[[1195]],[[1196]],[[1197]],[[1198]],[[1199]],[[1200]],[[1201]],[[1202]],[[1203]],[[1204]],[[1205]],[[1206]]],"type":"MultiPolygon","properties":{"CNTR_ID":"UK","CNTR_NAME":"United Kingdom","NAME_ENGL":"United Kingdom","NAME_FREN":"Royaume-Uni","ISO3_CODE":"GBR","SVRG_UN":"UN Member State","CAPT":"London","STAT_CODE":"OA","EU_STAT":"F","EFTA_STAT":"F","CC_STAT":"F","NAME_GERM":"Vereinigtes Königreich"}},{"arcs":[[[1207]],[[1208]],[[1209]],[[1210]]],"type":"MultiPolygon","properties":{"CNTR_ID":"UM","CNTR_NAME":"United States Minor Outlying Islands","NAME_ENGL":"United States Minor Outlying Islands","NAME_FREN":"Îles mineures éloignées des États-Unis","ISO3_CODE":"UMI","SVRG_UN":"US Territory","CAPT":null,"STAT_CODE":"OA","EU_STAT":"F","EFTA_STAT":"F","CC_STAT":"F","NAME_GERM":"Kleineren Amerikanischen Überseeinseln"}},{"arcs":[[1211,-309,-327]],"type":"Polygon","properties":{"CNTR_ID":"UY","CNTR_NAME":"Uruguay","NAME_ENGL":"Uruguay","NAME_FREN":"Uruguay","ISO3_CODE":"URY","SVRG_UN":"UN Member State","CAPT":"Montevideo","STAT_CODE":"OA","EU_STAT":"F","EFTA_STAT":"F","CC_STAT":"F","NAME_GERM":"Uruguay"}},{"arcs":[[-125,-1046,-289,-1056,-1070]],"type":"Polygon","properties":{"CNTR_ID":"UZ","CNTR_NAME":"Узбекистан","NAME_ENGL":"Uzbekistan","NAME_FREN":"Ouzbékistan","ISO3_CODE":"UZB","SVRG_UN":"UN Member State","CAPT":"Tashkent","STAT_CODE":"OA","EU_STAT":"F","EFTA_STAT":"F","CC_STAT":"F","NAME_GERM":"Usbekistan"}},{"arcs":[[-86]],"type":"Polygon","properties":{"CNTR_ID":"VA","CNTR_NAME":"Stato Della Città Del Vaticano-Status Civitatis Vaticanae","NAME_ENGL":"Vatican City","NAME_FREN":"Cité du Vatican","ISO3_CODE":"VAT","SVRG_UN":"The City of Vatican","CAPT":"Vaticano","STAT_CODE":"OA","EU_STAT":"F","EFTA_STAT":"F","CC_STAT":"F","NAME_GERM":"Vatikanstadt"}},{"arcs":[[1212]],"type":"Polygon","properties":{"CNTR_ID":"VC","CNTR_NAME":"Saint Vincent and The Grenadines","NAME_ENGL":"Saint Vincent and The Grenadines","NAME_FREN":"Saint-Vincent-et-les-Grenadines","ISO3_CODE":"VCT","SVRG_UN":"UN Member State","CAPT":"Kingstown","STAT_CODE":"OA","EU_STAT":"F","EFTA_STAT":"F","CC_STAT":"F","NAME_GERM":"St. Vincent und die Grenadinen"}},{"arcs":[[[-555,-330,-263,1213]],[[1214]],[[1215]]],"type":"MultiPolygon","properties":{"CNTR_ID":"VE","CNTR_NAME":"Venezuela","NAME_ENGL":"Venezuela","NAME_FREN":"Venezuela","ISO3_CODE":"VEN","SVRG_UN":"UN Member State","CAPT":"Caracas","STAT_CODE":"OA","EU_STAT":"F","EFTA_STAT":"F","CC_STAT":"F","NAME_GERM":"Venezuela"}},{"arcs":[[1216]],"type":"Polygon","properties":{"CNTR_ID":"VG","CNTR_NAME":"British Virgin Islands","NAME_ENGL":"British Virgin Islands","NAME_FREN":"Îles Vierges britanniques","ISO3_CODE":"VGB","SVRG_UN":"UK Non-Self-Governing Territory","CAPT":"Road Town","STAT_CODE":"OA","EU_STAT":"F","EFTA_STAT":"F","CC_STAT":"F","NAME_GERM":"Britischen Jungferninseln"}},{"arcs":[[1217]],"type":"Polygon","properties":{"CNTR_ID":"VI","CNTR_NAME":"Us Virgin Islands","NAME_ENGL":"Us Virgin Islands","NAME_FREN":"Îles Vierges américaines","ISO3_CODE":"VIR","SVRG_UN":"US Non-Self-Governing Territory","CAPT":"Charlotte Amalie","STAT_CODE":"OA","EU_STAT":"F","EFTA_STAT":"F","CC_STAT":"F","NAME_GERM":"Amerikanischen Jungferninseln"}},{"arcs":[[[1218,-130,-1072,-227]],[[1219]]],"type":"MultiPolygon","properties":{"CNTR_ID":"VN","CNTR_NAME":"Việt Nam","NAME_ENGL":"Viet nam","NAME_FREN":"Viêt Nam","ISO3_CODE":"VNM","SVRG_UN":"UN Member State","CAPT":"Hanoi","STAT_CODE":"OA","EU_STAT":"F","EFTA_STAT":"F","CC_STAT":"F","NAME_GERM":"Vietnam"}},{"arcs":[[[1220]],[[1221]],[[1222]],[[1223]],[[1224]],[[1225]],[[1226]],[[1227]],[[1228]],[[1229]],[[1230]]],"type":"MultiPolygon","properties":{"CNTR_ID":"VU","CNTR_NAME":"Vanuatu-Vanuatu-Vanuatu","NAME_ENGL":"Vanuatu","NAME_FREN":"Vanuatu","ISO3_CODE":"VUT","SVRG_UN":"UN Member State","CAPT":"Port-Vila","STAT_CODE":"OA","EU_STAT":"F","EFTA_STAT":"F","CC_STAT":"F","NAME_GERM":"Vanuatu"}},{"arcs":[[1231]],"type":"Polygon","properties":{"CNTR_ID":"WF","CNTR_NAME":"Wallis-Et-Futuna","NAME_ENGL":"Wallis and Futuna","NAME_FREN":"Wallis-et-Futuna","ISO3_CODE":"WLF","SVRG_UN":"FR Territory","CAPT":"Mata-Utu","STAT_CODE":"OA","EU_STAT":"F","EFTA_STAT":"F","CC_STAT":"F","NAME_GERM":"Wallis und Futuna"}},{"arcs":[[[1232,-963,1233,-724]],[[-727,1234,1235]],[[1236]],[[1237]],[[1238]],[[1239]],[[1240]],[[1241]],[[1242]],[[1243]],[[1244]],[[1245]],[[1246]],[[1247]],[[1248]],[[1249]],[[1250]],[[1251]],[[1252]],[[1253]],[[1254]],[[1255]],[[1256]],[[1257]],[[1258]],[[1259]],[[1260]],[[1261]],[[1262]],[[1263]],[[1264]],[[1265]],[[1266]],[[1267]]],"type":"MultiPolygon","properties":{"CNTR_ID":"US","CNTR_NAME":"United States","NAME_ENGL":"United States","NAME_FREN":"États-Unis","ISO3_CODE":"USA","SVRG_UN":"UN Member State","CAPT":"Washington, D.C.","STAT_CODE":"OA","EU_STAT":"F","EFTA_STAT":"F","CC_STAT":"F","NAME_GERM":"Vereinigten Staaten"}},{"arcs":[[[1268]],[[1269]]],"type":"MultiPolygon","properties":{"CNTR_ID":"WS","CNTR_NAME":"Samoa-Sāmoa","NAME_ENGL":"Samoa","NAME_FREN":"Samoa","ISO3_CODE":"WSM","SVRG_UN":"UN Member State","CAPT":"Apia","STAT_CODE":"OA","EU_STAT":"F","EFTA_STAT":"F","CC_STAT":"F","NAME_GERM":"Samoa"}},{"arcs":[[[1270]],[[1271]]],"type":"MultiPolygon","properties":{"CNTR_ID":"XA","CNTR_NAME":"Paracel Islands (Disputed Territory)","NAME_ENGL":"Paracel Islands","NAME_FREN":null,"ISO3_CODE":"XA","SVRG_UN":"Sovereignty unsettled","CAPT":null,"STAT_CODE":"UA","EU_STAT":"F","EFTA_STAT":"F","CC_STAT":"F","NAME_GERM":null}},{"arcs":[[1272]],"type":"Polygon","properties":{"CNTR_ID":"XB","CNTR_NAME":"Spratly Islands (Disputed Territory)","NAME_ENGL":"Spratly Islands","NAME_FREN":null,"ISO3_CODE":"XB","SVRG_UN":"Sovereignty unsettled","CAPT":null,"STAT_CODE":"UA","EU_STAT":"F","EFTA_STAT":"F","CC_STAT":"F","NAME_GERM":null}},{"arcs":[[1273,-244]],"type":"Polygon","properties":{"CNTR_ID":"XC","CNTR_NAME":"Aksai Chin (Disputed Territory)","NAME_ENGL":"Aksai Chin","NAME_FREN":null,"ISO3_CODE":"XC","SVRG_UN":"Sovereignty unsettled","CAPT":null,"STAT_CODE":"UA","EU_STAT":"F","EFTA_STAT":"F","CC_STAT":"F","NAME_GERM":null}},{"arcs":[[-940,-592,-345,-230]],"type":"Polygon","properties":{"CNTR_ID":"XD","CNTR_NAME":"Arunashal Pradesh (Disputed Territory)","NAME_ENGL":"Arunachal Pradesh","NAME_FREN":null,"ISO3_CODE":"XD","SVRG_UN":"Sovereignty unsettled","CAPT":null,"STAT_CODE":"UA","EU_STAT":"F","EFTA_STAT":"F","CC_STAT":"F","NAME_GERM":null}},{"arcs":[[[-590,-235]],[[-589,-237]],[[-588,-239]],[[1274,-242]]],"type":"MultiPolygon","properties":{"CNTR_ID":"XE","CNTR_NAME":"China/India (Disputed Territory)","NAME_ENGL":"China/India","NAME_FREN":null,"ISO3_CODE":"XE","SVRG_UN":"Sovereignty unsettled","CAPT":null,"STAT_CODE":"UA","EU_STAT":"F","EFTA_STAT":"F","CC_STAT":"F","NAME_GERM":null}},{"arcs":[[-915,-406,1275]],"type":"Polygon","properties":{"CNTR_ID":"XF","CNTR_NAME":"Hala'Ib Triangle (Disputed Territory)","NAME_ENGL":"Hala'Ib Triangle","NAME_FREN":null,"ISO3_CODE":"XF","SVRG_UN":"Sovereignty unsettled","CAPT":null,"STAT_CODE":"UA","EU_STAT":"F","EFTA_STAT":"F","CC_STAT":"F","NAME_GERM":null}},{"arcs":[[-121,-1025]],"type":"Polygon","properties":{"CNTR_ID":"XG","CNTR_NAME":"Ilemi Triangle (Disputed Territory)","NAME_ENGL":"Ilemi Triangle","NAME_FREN":null,"ISO3_CODE":"XG","SVRG_UN":"Sovereignty unsettled","CAPT":null,"STAT_CODE":"UA","EU_STAT":"F","EFTA_STAT":"F","CC_STAT":"F","NAME_GERM":null}},{"arcs":[[-1274,-243,-1275,-241,-598,-1117,-286,-245]],"type":"Polygon","properties":{"CNTR_ID":"XH","CNTR_NAME":"Jammu Kashmir (Disputed Territory)","NAME_ENGL":"Jammu Kashmir","NAME_FREN":null,"ISO3_CODE":"XH","SVRG_UN":"Sovereignty unsettled","CAPT":null,"STAT_CODE":"UA","EU_STAT":"F","EFTA_STAT":"F","CC_STAT":"F","NAME_GERM":null}}]}}}